package,path,bytes,sha256,lfs_oid,head_blob,classes,previous_group
/Game/Blueprints/Actor/AbandonedSchool/BP_Stalactite,Content/Blueprints/Actor/AbandonedSchool/BP_Stalactite.uasset,30881,f05eb851e9d50b6502791b991c119d9feaba27bae319d51ebf716e25e613c9ed,f05eb851e9d50b6502791b991c119d9feaba27bae319d51ebf716e25e613c9ed,ece28084b2c203065b4812a7717c69de49f2f1d8,['Blueprint'],C0004
/Game/Blueprints/Actor/AbandonedSchool/BP_Sword_Stuck_At_Ground,Content/Blueprints/Actor/AbandonedSchool/BP_Sword_Stuck_At_Ground.uasset,29537,ace4ff7194d492d19403f1091670894cee58a5ac153fc6ca1bb0fdc3bf019193,ace4ff7194d492d19403f1091670894cee58a5ac153fc6ca1bb0fdc3bf019193,82ec3fa43cc1a7fa2af20aeb97de86a7f6216a4c,['Blueprint'],C0010
/Game/Blueprints/Actor/Common/BP_BeanStalk,Content/Blueprints/Actor/Common/BP_BeanStalk.uasset,29817,b8b64db5d2dda0f72df9d0c61f386b69b7fa91fb24312d84809c4753c7690213,b8b64db5d2dda0f72df9d0c61f386b69b7fa91fb24312d84809c4753c7690213,7a64655d91d8fe17eaa6d8c457651edbd4043de6,['Blueprint'],C0005
/Game/Blueprints/Actor/Common/BP_Mushroom,Content/Blueprints/Actor/Common/BP_Mushroom.uasset,31203,a8e8d8a825a1acf0c4bf44baac962d9b8f4d216f68629df8fd11c1751a9b2b19,a8e8d8a825a1acf0c4bf44baac962d9b8f4d216f68629df8fd11c1751a9b2b19,8f4db249f9e172d92f49f8f12fe1f79c4d2549e0,['Blueprint'],C0003
/Game/Blueprints/Actor/StartIsland/SMF_Tree,Content/Blueprints/Actor/StartIsland/SMF_Tree.uasset,10067,cbae6023593df7ffd12ffa50ace7723bca0ed46ba1212f25c12eee91a224718d,cbae6023593df7ffd12ffa50ace7723bca0ed46ba1212f25c12eee91a224718d,4eed516ea0541fd7cfb987eafc5b3b17b8333acb,['FoliageType_InstancedStaticMesh'],C0014
/Game/Levels/_GENERATED/User/Merge_A85996E0,Content/Levels/_GENERATED/User/Merge_A85996E0.uasset,1596,6bb36a013eeef6d4e6c61454664de8fb8b75f433c6ff6c2b29e61f74958c6f7a,6bb36a013eeef6d4e6c61454664de8fb8b75f433c6ff6c2b29e61f74958c6f7a,bc80cf3934c4dd9738fba35e1ae1c2f558abad4d,['ObjectRedirector'],C0009
/Game/LuosCaves/Sounds/S_Credits_Loop2,Content/LuosCaves/Sounds/S_Credits_Loop2.uasset,15644987,d2c264221a8c30225f9f2c6022c06f9cfc733c1b3a694612adff0e665cfc2d23,d2c264221a8c30225f9f2c6022c06f9cfc733c1b3a694612adff0e665cfc2d23,3aeff3bb895e97838e7255d9deb8d3e0a7929344,['SoundWave'],C0011
/Game/LuosCaves/Sounds/S_Flashlight_Toggle_Cue,Content/LuosCaves/Sounds/S_Flashlight_Toggle_Cue.uasset,3057,af0ad4dd24aeabb4d60013d4278188f76203bc3b2076fcb917bb6a992d5aa359,af0ad4dd24aeabb4d60013d4278188f76203bc3b2076fcb917bb6a992d5aa359,e3faec7f8cfb658e20772d4ce611c59d3a71a584,['SoundCue'],C0114
/Game/LuosCaves/Sounds/S_Floodlamps_Toggle_Cue,Content/LuosCaves/Sounds/S_Floodlamps_Toggle_Cue.uasset,3057,b7b04891803984e15de63031e1d4a1e602309322f68ddcd2321b4fe3c7bc805e,b7b04891803984e15de63031e1d4a1e602309322f68ddcd2321b4fe3c7bc805e,d4cf9df9cc0c685dff0cb07922e718133e30a2c9,['SoundCue'],C0115
/Game/LuosCaves/Sounds/S_Footsteps_Gravel_Cue,Content/LuosCaves/Sounds/S_Footsteps_Gravel_Cue.uasset,12666,86956d2799fcd147252a67c0c868e62d5c106dd8827f776f8aae568d3ca46ca1,86956d2799fcd147252a67c0c868e62d5c106dd8827f776f8aae568d3ca46ca1,58bc0f432f7d2b7c069718544df910c52d5ed0aa,['SoundCue'],C0091
/Game/LuosCaves/Sounds/S_Footsteps_Metal_Cue,Content/LuosCaves/Sounds/S_Footsteps_Metal_Cue.uasset,14605,fd245fc4a9906ea109f2419336731fa980fe482b91763ed1f0f38ef7dccaae14,fd245fc4a9906ea109f2419336731fa980fe482b91763ed1f0f38ef7dccaae14,d17852d9872404f737eb396a3f50e02379a76dc3,['SoundCue'],C0089
/Game/LuosCaves/Sounds/S_Interest_Mix_Cue,Content/LuosCaves/Sounds/S_Interest_Mix_Cue.uasset,9866,73d579d335e8ab7991277a385fe0eba5ad1d03dcbb98d9b1e697487725032cbb,73d579d335e8ab7991277a385fe0eba5ad1d03dcbb98d9b1e697487725032cbb,4536a60f326395e39500ad4b71dfb169336154ea,['SoundCue'],C0011
/Game/Resources/Characters/NPC/Lightning_Counter/MI_Lightning_Counter,Content/Resources/Characters/NPC/Lightning_Counter/MI_Lightning_Counter.uasset,88985,bc5df3a392a12e061f89f1481c0489bdb0fab3e5615d1759811c69998ae11848,bc5df3a392a12e061f89f1481c0489bdb0fab3e5615d1759811c69998ae11848,3437fa103854835d18cb3afbbb5ac25caeb2b519,['MaterialInstanceConstant'],C0001
/Game/Resources/Characters/NPC/Lightning_Counter/SKM_Lightning_Counter,Content/Resources/Characters/NPC/Lightning_Counter/SKM_Lightning_Counter.uasset,28461045,cc68e26448ee8bb32507c164c583395bd921e272d66e085b0968e8607d4bd97b,cc68e26448ee8bb32507c164c583395bd921e272d66e085b0968e8607d4bd97b,6e479881922af332c9d6e3371747f4198f877702,['SkeletalMesh'],C0001
/Game/Resources/Characters/NPC/Lightning_Counter/SK_Lightning_Counter,Content/Resources/Characters/NPC/Lightning_Counter/SK_Lightning_Counter.uasset,8642,54a78082ca91696b744ab6e62aeb47a57fcf9b7fcc18e8e6f62b69a453856e45,54a78082ca91696b744ab6e62aeb47a57fcf9b7fcc18e8e6f62b69a453856e45,ab1cd0f5aef0bcb7229115061e2e3086e5909aca,['Skeleton'],C0001
/Game/Resources/Characters/NPC/Lightning_Counter/T_Lightning_Counter_Basecolor,Content/Resources/Characters/NPC/Lightning_Counter/T_Lightning_Counter_Basecolor.uasset,37034008,0725f84bdb59f9a0d9496027ecda7b90cce2463546dac59bf7d27dc866654d69,0725f84bdb59f9a0d9496027ecda7b90cce2463546dac59bf7d27dc866654d69,f4294f3a23f0e59d34903b6bf64791f0ded19626,['Texture2D'],C0001
/Game/Resources/Characters/NPC/Lightning_Counter/T_Lightning_Counter_Normal,Content/Resources/Characters/NPC/Lightning_Counter/T_Lightning_Counter_Normal.uasset,9894869,a15ecbc584c67666e5ef261aee67a81797b41b57ba239831b3c9c70b4c857a77,a15ecbc584c67666e5ef261aee67a81797b41b57ba239831b3c9c70b4c857a77,8897be45c3868f16c6abe22e1a36db9a575fa9b6,['Texture2D'],C0001
/Game/Resources/Characters/NPC/Lightning_Counter/T_Lightning_Counter_Roughness,Content/Resources/Characters/NPC/Lightning_Counter/T_Lightning_Counter_Roughness.uasset,3181363,788565f3e14f298f5d2dcab85e9de0aaf266b9b07fe12e550663b4e29e628475,788565f3e14f298f5d2dcab85e9de0aaf266b9b07fe12e550663b4e29e628475,4088f25abca11db75f87d6712ca3bc8b43a953f9,['Texture2D'],C0001
/Game/Resources/Environments/Items/Bicycle/obj10,Content/Resources/Environments/Items/Bicycle/obj10.uasset,14167210,db9f7e425584bf742fa99c0b9450e55005942e8ea2e47f34475b8d1103b13ff2,db9f7e425584bf742fa99c0b9450e55005942e8ea2e47f34475b8d1103b13ff2,671555064079020768a9515cd77f6902e3de42ae,['SkeletalMesh'],C0013
/Game/Resources/Environments/Items/Bicycle/obj10_PhysicsAsset,Content/Resources/Environments/Items/Bicycle/obj10_PhysicsAsset.uasset,4371,a35ff6b5a4fbf11efebd8b42d5b16d080620c2520baec55910b8d6c9748bd8eb,a35ff6b5a4fbf11efebd8b42d5b16d080620c2520baec55910b8d6c9748bd8eb,686c65c985ae457318e6bb9193d3a363bfb168f2,['PhysicsAsset'],C0013
/Game/Resources/Environments/Items/Bicycle/obj10_Skeleton,Content/Resources/Environments/Items/Bicycle/obj10_Skeleton.uasset,4980,f88384e451f2286c2f8ee8dcb76c7d14aa126ff270a42d82c5cdbd463b21dd0a,f88384e451f2286c2f8ee8dcb76c7d14aa126ff270a42d82c5cdbd463b21dd0a,21d4facc88d95a5fb1bef24a1d498ce29e0e2516,['Skeleton'],C0013
/Game/Resources/Environments/Items/Bicycle/obj11,Content/Resources/Environments/Items/Bicycle/obj11.uasset,4240361,0e2bf08ec01afefa6aa2468a0a773afbb52bbb7348d5200b1477e2cb552b7248,0e2bf08ec01afefa6aa2468a0a773afbb52bbb7348d5200b1477e2cb552b7248,d85c5320621e6be0b31eebb05e154d08c09ac9a1,['SkeletalMesh'],C0018
/Game/Resources/Environments/Items/Bicycle/obj11_PhysicsAsset,Content/Resources/Environments/Items/Bicycle/obj11_PhysicsAsset.uasset,4868,2e43ad4892dd34a845f7c57525654d74762fc559e91dfb21f3d79e3ad44a57e4,2e43ad4892dd34a845f7c57525654d74762fc559e91dfb21f3d79e3ad44a57e4,b54944411ef6050e11173450a48ffab3bfa1e63d,['PhysicsAsset'],C0018
/Game/Resources/Environments/Items/Bicycle/obj11_Skeleton,Content/Resources/Environments/Items/Bicycle/obj11_Skeleton.uasset,5431,b888d6e7d92c5181cf7149afce0ceb1a2f44162e19a8fa4bfedc5ca343ebccd0,b888d6e7d92c5181cf7149afce0ceb1a2f44162e19a8fa4bfedc5ca343ebccd0,dcf26bfc606380d748f4229a2201cbd9d133341d,['Skeleton'],C0018
/Game/Resources/Environments/Items/Bicycle/obj12,Content/Resources/Environments/Items/Bicycle/obj12.uasset,1358040,25e503338fb955903f62397b3ae78cf6e8636a9a55a871db752634f44a13d121,25e503338fb955903f62397b3ae78cf6e8636a9a55a871db752634f44a13d121,a04711de697e37b59c8e37daaffd37d43087411b,['SkeletalMesh'],C0031
/Game/Resources/Environments/Items/Bicycle/obj12_PhysicsAsset,Content/Resources/Environments/Items/Bicycle/obj12_PhysicsAsset.uasset,5336,bb328b69a15e4008468bfbafa7ea26af7f360d9f68b5e308bfc468aadfce667d,bb328b69a15e4008468bfbafa7ea26af7f360d9f68b5e308bfc468aadfce667d,888c44ae5126e1f8f14418b52a031230f6508e74,['PhysicsAsset'],C0031
/Game/Resources/Environments/Items/Bicycle/obj12_Skeleton,Content/Resources/Environments/Items/Bicycle/obj12_Skeleton.uasset,5899,c77c34281d62e7e0efa224c4f41154d04e3ac14b32a2c69a3f35f76c889e73b8,c77c34281d62e7e0efa224c4f41154d04e3ac14b32a2c69a3f35f76c889e73b8,093d5163b688fb8319b43d35c9ee0a1b79f5c2f5,['Skeleton'],C0031
/Game/Resources/Environments/Items/Bicycle/obj13,Content/Resources/Environments/Items/Bicycle/obj13.uasset,724086,099f1eae4acd00aef3ab2fd8e8f2417e6635f2477d0e741c02e10aad2830f8e4,099f1eae4acd00aef3ab2fd8e8f2417e6635f2477d0e741c02e10aad2830f8e4,6e2f31e565b9c8eb7c6f49494b0dcd367976115a,['SkeletalMesh'],C0041
/Game/Resources/Environments/Items/Bicycle/obj13_PhysicsAsset,Content/Resources/Environments/Items/Bicycle/obj13_PhysicsAsset.uasset,4756,6ee7ab9af7f6ecf6a0975ad1e421a970f2bd676e62e7cbcb33f31fb926926c76,6ee7ab9af7f6ecf6a0975ad1e421a970f2bd676e62e7cbcb33f31fb926926c76,6475023cc74d1b600253dad3814e9608696c104e,['PhysicsAsset'],C0041
/Game/Resources/Environments/Items/Bicycle/obj13_Skeleton,Content/Resources/Environments/Items/Bicycle/obj13_Skeleton.uasset,5319,8f80be0a912e96ad38fd44dcbf4a9ee5eb36f0881fef522e1391602ae3bbe231,8f80be0a912e96ad38fd44dcbf4a9ee5eb36f0881fef522e1391602ae3bbe231,f3e05e971bd5977e31c235f045166a02b62da348,['Skeleton'],C0041
/Game/Resources/Environments/Items/Bicycle/obj14,Content/Resources/Environments/Items/Bicycle/obj14.uasset,3041554,47f9441ec1914128bcabcfac805b61980c3fcb24c8a94809b9122c4e7101a62a,47f9441ec1914128bcabcfac805b61980c3fcb24c8a94809b9122c4e7101a62a,2b4abf286956746f5f1247714e1c34f0a155c5d4,['SkeletalMesh'],C0020
/Game/Resources/Environments/Items/Bicycle/obj14_PhysicsAsset,Content/Resources/Environments/Items/Bicycle/obj14_PhysicsAsset.uasset,6250,1dee0445adbe40aad99c71c3156058ccc81283552f437bb747619d5e78206821,1dee0445adbe40aad99c71c3156058ccc81283552f437bb747619d5e78206821,d6e2ed2c61d4c21fe074173ed014f169b245b286,['PhysicsAsset'],C0020
/Game/Resources/Environments/Items/Bicycle/obj14_Skeleton,Content/Resources/Environments/Items/Bicycle/obj14_Skeleton.uasset,6874,3900a48233172ad9bee44ff8cadd8d1c24f4b93152f183984a2b2b109533d047,3900a48233172ad9bee44ff8cadd8d1c24f4b93152f183984a2b2b109533d047,5766c47ca52a1703649bae6bdef6d82643892aea,['Skeleton'],C0020
/Game/Resources/Environments/Items/Bicycle/obj15,Content/Resources/Environments/Items/Bicycle/obj15.uasset,407715,5a9555b716ec9503e43b8603cd60009f05bcfcb02650eea9d0116dbcebf5b826,5a9555b716ec9503e43b8603cd60009f05bcfcb02650eea9d0116dbcebf5b826,c011af00ee6cae452ca37283895b11fd4da1c60c,['SkeletalMesh'],C0061
/Game/Resources/Environments/Items/Bicycle/obj15_PhysicsAsset,Content/Resources/Environments/Items/Bicycle/obj15_PhysicsAsset.uasset,5118,e9e88ecdbc5bfbd827bd60bced42776892bfcc3fe2831c6a9a8838bb8b602b59,e9e88ecdbc5bfbd827bd60bced42776892bfcc3fe2831c6a9a8838bb8b602b59,b2bc1e8eef8a6e747b324c3d7717601f14672998,['PhysicsAsset'],C0061
/Game/Resources/Environments/Items/Bicycle/obj15_Skeleton,Content/Resources/Environments/Items/Bicycle/obj15_Skeleton.uasset,5726,df484aa30f55d098b8c7d30f461f6e9b6ea9545544a5a176b240a116f98a7af8,df484aa30f55d098b8c7d30f461f6e9b6ea9545544a5a176b240a116f98a7af8,17d137d66a38433b65237045f518d3ce666926a3,['Skeleton'],C0061
/Game/Resources/Environments/Items/Bicycle/obj16,Content/Resources/Environments/Items/Bicycle/obj16.uasset,574224,4f71a8b83559d17e7a8db245b92a542d2bb6f3b22c0bba841cb4fade28304f26,4f71a8b83559d17e7a8db245b92a542d2bb6f3b22c0bba841cb4fade28304f26,6af365263e8f0e400126150869ff1928390dc226,['SkeletalMesh'],C0046
/Game/Resources/Environments/Items/Bicycle/obj16_PhysicsAsset,Content/Resources/Environments/Items/Bicycle/obj16_PhysicsAsset.uasset,5712,1cc3bad75e2eee52ff16ce2c9afcfd108a2ec9e96dc6ac277f2ca19721cb9bae,1cc3bad75e2eee52ff16ce2c9afcfd108a2ec9e96dc6ac277f2ca19721cb9bae,0abf89754218800354541664e541ae3eb9686ba4,['PhysicsAsset'],C0046
/Game/Resources/Environments/Items/Bicycle/obj16_Skeleton,Content/Resources/Environments/Items/Bicycle/obj16_Skeleton.uasset,6357,7d9658a9e863866f9f55fae2c8846087eb7fc9c7a4dde663c4e2d0fcc8505ebe,7d9658a9e863866f9f55fae2c8846087eb7fc9c7a4dde663c4e2d0fcc8505ebe,5c869bc82d6652c20f687057e1fff2cc2ad840ab,['Skeleton'],C0046
/Game/Resources/Environments/Items/Bicycle/obj17,Content/Resources/Environments/Items/Bicycle/obj17.uasset,3040489,4fb69b211570cb0ee07821534df534e147f1f029ed72a3464bf3f3f586e95c93,4fb69b211570cb0ee07821534df534e147f1f029ed72a3464bf3f3f586e95c93,05313c291a29cd8f5a8888d59b8859e16082d260,['SkeletalMesh'],C0021
/Game/Resources/Environments/Items/Bicycle/obj17_PhysicsAsset,Content/Resources/Environments/Items/Bicycle/obj17_PhysicsAsset.uasset,6248,92f5048b39bf3d1703e1ee95fc557fe9f016f97cd66141c6a5ff2d7c70e41628,92f5048b39bf3d1703e1ee95fc557fe9f016f97cd66141c6a5ff2d7c70e41628,24297e574eb6dee307deec245aa0547468262c6e,['PhysicsAsset'],C0021
/Game/Resources/Environments/Items/Bicycle/obj17_Skeleton,Content/Resources/Environments/Items/Bicycle/obj17_Skeleton.uasset,6848,716172e85c0e788a219e8872356f47b025c40a9fa2e096dc0b72f866abda7298,716172e85c0e788a219e8872356f47b025c40a9fa2e096dc0b72f866abda7298,28d1bdc090f85d69aff07d324c50fbea51309d98,['Skeleton'],C0021
/Game/Resources/Environments/Items/Bicycle/obj18,Content/Resources/Environments/Items/Bicycle/obj18.uasset,624591,55aab7acb4e12e28e78f4c8b1714262a472ec984681b925714a0508dcb4af2a3,55aab7acb4e12e28e78f4c8b1714262a472ec984681b925714a0508dcb4af2a3,b8479953dc7878d299df0944adfadd35645f1a24,['SkeletalMesh'],C0045
/Game/Resources/Environments/Items/Bicycle/obj18_PhysicsAsset,Content/Resources/Environments/Items/Bicycle/obj18_PhysicsAsset.uasset,4730,76d53699e2d7d3aab1381eaee77277306576fb6cdc27fc628b8d53f8704d1c91,76d53699e2d7d3aab1381eaee77277306576fb6cdc27fc628b8d53f8704d1c91,53664670619e6b8400466c5349f1435b36720c35,['PhysicsAsset'],C0045
/Game/Resources/Environments/Items/Bicycle/obj18_Skeleton,Content/Resources/Environments/Items/Bicycle/obj18_Skeleton.uasset,5293,c1bd311dc72954cd10aad3db97cd93d225cde5b15a4717ad6139ad139407e7a6,c1bd311dc72954cd10aad3db97cd93d225cde5b15a4717ad6139ad139407e7a6,e9b0cf67e0b4d6f06328ead73d62ee24ab8a12dc,['Skeleton'],C0045
/Game/Resources/Environments/Items/Bicycle/obj19,Content/Resources/Environments/Items/Bicycle/obj19.uasset,389550,1a5a902721ad1d45f8604656c07604240407c602900d606e2fd6bc23e2fece0b,1a5a902721ad1d45f8604656c07604240407c602900d606e2fd6bc23e2fece0b,b8b6c8156e4bd956c4f51509d9c7f521dd468ff9,['SkeletalMesh'],C0062
/Game/Resources/Environments/Items/Bicycle/obj19_PhysicsAsset,Content/Resources/Environments/Items/Bicycle/obj19_PhysicsAsset.uasset,4939,376ece12dd2c202c26b510ac649c0d754fb0973823b230975a1cda3b6c9e65cd,376ece12dd2c202c26b510ac649c0d754fb0973823b230975a1cda3b6c9e65cd,975a6df3a95134f829876e210a2b32c109023b4c,['PhysicsAsset'],C0062
/Game/Resources/Environments/Items/Bicycle/obj19_Skeleton,Content/Resources/Environments/Items/Bicycle/obj19_Skeleton.uasset,5502,20b029d9ebebe0a6cb24f6bb27f05da427605629cb38c77b6d26f30ffd2fdbee,20b029d9ebebe0a6cb24f6bb27f05da427605629cb38c77b6d26f30ffd2fdbee,b6e69b149683b55ac1125b6e5c67eac89e8173b8,['Skeleton'],C0062
/Game/Resources/Environments/Items/Bicycle/obj2,Content/Resources/Environments/Items/Bicycle/obj2.uasset,560817,f937e5f8dd6f974fa822704b8603e3b6beaf3dc67c7ebc0f2d98ee0cc957770c,f937e5f8dd6f974fa822704b8603e3b6beaf3dc67c7ebc0f2d98ee0cc957770c,f7155adb639e2a9ca1341221e1b126151dce101f,['SkeletalMesh'],C0047
/Game/Resources/Environments/Items/Bicycle/obj20,Content/Resources/Environments/Items/Bicycle/obj20.uasset,13223150,c0b058704ba1777554783ffe44260f5bf985030d46742bd00ca7e9e61dbc43e3,c0b058704ba1777554783ffe44260f5bf985030d46742bd00ca7e9e61dbc43e3,858e275324e8efa184c10731d4bd646f72865b21,['SkeletalMesh'],C0015
/Game/Resources/Environments/Items/Bicycle/obj20_PhysicsAsset,Content/Resources/Environments/Items/Bicycle/obj20_PhysicsAsset.uasset,5152,6f9778febf0edc274fa5b74a60072729f008897315253b13d3d90513cab9c5aa,6f9778febf0edc274fa5b74a60072729f008897315253b13d3d90513cab9c5aa,8e62d7d9bd4777a6e3cfb8842c4dc576b457e310,['PhysicsAsset'],C0015
/Game/Resources/Environments/Items/Bicycle/obj20_Skeleton,Content/Resources/Environments/Items/Bicycle/obj20_Skeleton.uasset,5775,de24a832943f5f6e21843cfc7a46403029845d7b60db56e7a8d417cb3985a725,de24a832943f5f6e21843cfc7a46403029845d7b60db56e7a8d417cb3985a725,afb6e494177025816ead6962b648a5d834f9290c,['Skeleton'],C0015
/Game/Resources/Environments/Items/Bicycle/obj21,Content/Resources/Environments/Items/Bicycle/obj21.uasset,5520069,0594b88863af25eaf0ed8c6df2e02c83d636a384432d92ea64b156b59739e72a,0594b88863af25eaf0ed8c6df2e02c83d636a384432d92ea64b156b59739e72a,e3ec564de319ad2228798dd6e9aaf5fa3be8d385,['SkeletalMesh'],C0016
/Game/Resources/Environments/Items/Bicycle/obj21_PhysicsAsset,Content/Resources/Environments/Items/Bicycle/obj21_PhysicsAsset.uasset,4781,fdcbba260838fa9577b95c7ec7a807e98ab60d63015647010464d89f8181ea07,fdcbba260838fa9577b95c7ec7a807e98ab60d63015647010464d89f8181ea07,c765320a1217688a649d7eb3e22bac7f54157e32,['PhysicsAsset'],C0016
/Game/Resources/Environments/Items/Bicycle/obj21_Skeleton,Content/Resources/Environments/Items/Bicycle/obj21_Skeleton.uasset,5389,3cdc79682a37f22f16f587be6fbfb92d7f9f47dda097879560db6295d5e41893,3cdc79682a37f22f16f587be6fbfb92d7f9f47dda097879560db6295d5e41893,96cc1f40455bac74266cfe0e85f72943ecff069e,['Skeleton'],C0016
/Game/Resources/Environments/Items/Bicycle/obj22,Content/Resources/Environments/Items/Bicycle/obj22.uasset,228371,16e7ab969f9a8150fad2b82f431e5b4e798e5fc1556aa95e0b5a26e4cfad5292,16e7ab969f9a8150fad2b82f431e5b4e798e5fc1556aa95e0b5a26e4cfad5292,6de4d1b5e6118f0e111975c59807eecacaf54bc9,['SkeletalMesh'],C0066
/Game/Resources/Environments/Items/Bicycle/obj22_PhysicsAsset,Content/Resources/Environments/Items/Bicycle/obj22_PhysicsAsset.uasset,4418,3ccdb0b8f2241218c0648b117c33f9e23d3bae59e02c6b928dd54643d97343ee,3ccdb0b8f2241218c0648b117c33f9e23d3bae59e02c6b928dd54643d97343ee,41ba006fc5a3299273110e3b07531aa6da1b1e0b,['PhysicsAsset'],C0066
/Game/Resources/Environments/Items/Bicycle/obj22_Skeleton,Content/Resources/Environments/Items/Bicycle/obj22_Skeleton.uasset,4981,6baf73be5bd83acc71926d7fd006bc789ec2f2d1f105c9e4c259d29aee77a212,6baf73be5bd83acc71926d7fd006bc789ec2f2d1f105c9e4c259d29aee77a212,dd18e9741ba5700690ad2075029e4568c3dc6ea6,['Skeleton'],C0066
/Game/Resources/Environments/Items/Bicycle/obj23,Content/Resources/Environments/Items/Bicycle/obj23.uasset,513983,907f3f810de0cc67834916eaadddd0ac7b1f27e3d1c75aff81f4fe6c8b151cb8,907f3f810de0cc67834916eaadddd0ac7b1f27e3d1c75aff81f4fe6c8b151cb8,922c8015647ca258e3022f5da11960f60b1b335d,['SkeletalMesh'],C0053
/Game/Resources/Environments/Items/Bicycle/obj23_PhysicsAsset,Content/Resources/Environments/Items/Bicycle/obj23_PhysicsAsset.uasset,4583,3aa85d7747b6209f855d4531aff052149b2f838e6d5553dc38d753f83a19f655,3aa85d7747b6209f855d4531aff052149b2f838e6d5553dc38d753f83a19f655,3f1d56f7bab01858afcf6b8f382626fd1cf99211,['PhysicsAsset'],C0053
/Game/Resources/Environments/Items/Bicycle/obj23_Skeleton,Content/Resources/Environments/Items/Bicycle/obj23_Skeleton.uasset,5146,e52090ccb4b67d42a7d0263aa2816040092bec94771397a924a2fea45dc6fa5e,e52090ccb4b67d42a7d0263aa2816040092bec94771397a924a2fea45dc6fa5e,5063d5e29c6c00f1b28a70e1fbfc71a77816e5cb,['Skeleton'],C0053
/Game/Resources/Environments/Items/Bicycle/obj24,Content/Resources/Environments/Items/Bicycle/obj24.uasset,413346,b754475f232671a078c0e16973c591a5f00773f767fce9eb330606ec2d5e2677,b754475f232671a078c0e16973c591a5f00773f767fce9eb330606ec2d5e2677,94c2127a3cde86f420e93b9d04d0cd0cb90f65eb,['SkeletalMesh'],C0059
/Game/Resources/Environments/Items/Bicycle/obj24_PhysicsAsset,Content/Resources/Environments/Items/Bicycle/obj24_PhysicsAsset.uasset,4808,040f3864ced50bebd1603c0d52c234363e1ca88c6bcb212efb42db2f99e205f9,040f3864ced50bebd1603c0d52c234363e1ca88c6bcb212efb42db2f99e205f9,50fa8cb8ed98c64ff0f72e4df5869331c5677cf8,['PhysicsAsset'],C0059
/Game/Resources/Environments/Items/Bicycle/obj24_Skeleton,Content/Resources/Environments/Items/Bicycle/obj24_Skeleton.uasset,5371,0973565de9963922e28924cefab0c14fb296824616882b45a08bca76b02efb4f,0973565de9963922e28924cefab0c14fb296824616882b45a08bca76b02efb4f,e94c2f02fd6381332dcda1263f25e38e0938c915,['Skeleton'],C0059
/Game/Resources/Environments/Items/Bicycle/obj25,Content/Resources/Environments/Items/Bicycle/obj25.uasset,524972,3ba5e7906e19ad9a5555fbd331d1596477934986fd4d7f69bbdda272e3ecddc8,3ba5e7906e19ad9a5555fbd331d1596477934986fd4d7f69bbdda272e3ecddc8,7586f70ec129f70237901eed201e6d9ce4804cd2,['SkeletalMesh'],C0052
/Game/Resources/Environments/Items/Bicycle/obj25_PhysicsAsset,Content/Resources/Environments/Items/Bicycle/obj25_PhysicsAsset.uasset,5252,f77bbd892f5afc40350d349fe26a3ca8d85ab9a91f01a45db68aeaeafd94b1da,f77bbd892f5afc40350d349fe26a3ca8d85ab9a91f01a45db68aeaeafd94b1da,33e175c6ce4a3ef4cf1ce58fc0ffb776965252dc,['PhysicsAsset'],C0052
/Game/Resources/Environments/Items/Bicycle/obj25_Skeleton,Content/Resources/Environments/Items/Bicycle/obj25_Skeleton.uasset,5815,6929ce7cf1f8dff851b53c3354072107a23c1a485f4f7a27bf1ef79bd59d2c1b,6929ce7cf1f8dff851b53c3354072107a23c1a485f4f7a27bf1ef79bd59d2c1b,4865e82fa8f41a8d93a562b2afa2afb6e42312f5,['Skeleton'],C0052
/Game/Resources/Environments/Items/Bicycle/obj26,Content/Resources/Environments/Items/Bicycle/obj26.uasset,537039,72500678214cc8cb106eb61bb243775e65814f0a9b2da0ddcedafd187ab014cc,72500678214cc8cb106eb61bb243775e65814f0a9b2da0ddcedafd187ab014cc,4150b80a17cdc9f07031ba4843e401cb8ef78ff6,['SkeletalMesh'],C0050
/Game/Resources/Environments/Items/Bicycle/obj26_PhysicsAsset,Content/Resources/Environments/Items/Bicycle/obj26_PhysicsAsset.uasset,4468,4de41fafc07ffdf205d23fd88f08dc05ec4b4bc26d7f693bee8882a38075ef64,4de41fafc07ffdf205d23fd88f08dc05ec4b4bc26d7f693bee8882a38075ef64,c35df4e219915b857116ec27c347b94a6b5bde23,['PhysicsAsset'],C0050
/Game/Resources/Environments/Items/Bicycle/obj26_Skeleton,Content/Resources/Environments/Items/Bicycle/obj26_Skeleton.uasset,5095,3dc53bbbefa2424c50b21776316d3f11b0516e72fc0e845137c2bbb537fa5f50,3dc53bbbefa2424c50b21776316d3f11b0516e72fc0e845137c2bbb537fa5f50,1842f4c5cb9d883c52fba5ae708600bdaa416e9b,['Skeleton'],C0050
/Game/Resources/Environments/Items/Bicycle/obj27,Content/Resources/Environments/Items/Bicycle/obj27.uasset,246339,8dfcc53154b07aed3fcb74d74056b0c4bc065ff5530113d437c463a9a23e648b,8dfcc53154b07aed3fcb74d74056b0c4bc065ff5530113d437c463a9a23e648b,100170d94a47df5d553044bc2033e8d8790e32fc,['SkeletalMesh'],C0065
/Game/Resources/Environments/Items/Bicycle/obj27_PhysicsAsset,Content/Resources/Environments/Items/Bicycle/obj27_PhysicsAsset.uasset,4910,9929451468519f5fb95f668901f481bcd92828860a625568c91a3505c4f9c8f4,9929451468519f5fb95f668901f481bcd92828860a625568c91a3505c4f9c8f4,bbcc190230c0ac3ee61cdb990612c94f8163cfb9,['PhysicsAsset'],C0065
/Game/Resources/Environments/Items/Bicycle/obj27_Skeleton,Content/Resources/Environments/Items/Bicycle/obj27_Skeleton.uasset,5473,c83cbc42c6bd3d2c5879fddc8e3ed5939d14cc8862e1bb3bc0f39efc59a9849e,c83cbc42c6bd3d2c5879fddc8e3ed5939d14cc8862e1bb3bc0f39efc59a9849e,2a63ce5837ee030519a3ad8df25f675a362bae09,['Skeleton'],C0065
/Game/Resources/Environments/Items/Bicycle/obj28,Content/Resources/Environments/Items/Bicycle/obj28.uasset,3418537,65543ba55fc436247983794e8791faffcfedd730f810dcc1ef98403349a4512e,65543ba55fc436247983794e8791faffcfedd730f810dcc1ef98403349a4512e,e00aee7993c8a867536ad31f7fb16cef82730035,['SkeletalMesh'],C0019
/Game/Resources/Environments/Items/Bicycle/obj28_PhysicsAsset,Content/Resources/Environments/Items/Bicycle/obj28_PhysicsAsset.uasset,6227,724b1cb876a3a3467c14ba3bc3a0dafff20c95d3556858cbb39b96fb873953da,724b1cb876a3a3467c14ba3bc3a0dafff20c95d3556858cbb39b96fb873953da,7bf52811a0cb4d5fa7a1b2888738ecf17e908c3e,['PhysicsAsset'],C0019
/Game/Resources/Environments/Items/Bicycle/obj28_Skeleton,Content/Resources/Environments/Items/Bicycle/obj28_Skeleton.uasset,6885,767628df66907d63fd5ba03d60faefba0913fdc45dee7e720ec215caa97caec1,767628df66907d63fd5ba03d60faefba0913fdc45dee7e720ec215caa97caec1,cca230cf2e2ca6a06eabe0c3620dde7b50bc7128,['Skeleton'],C0019
/Game/Resources/Environments/Items/Bicycle/obj29,Content/Resources/Environments/Items/Bicycle/obj29.uasset,1329062,946a6033ec7291d3dc76bafe280d8494b26b32c5853b5b03e9035b23a39b290b,946a6033ec7291d3dc76bafe280d8494b26b32c5853b5b03e9035b23a39b290b,7a3981ce27cec38ee237bf637732930ef198ee4d,['SkeletalMesh'],C0032
/Game/Resources/Environments/Items/Bicycle/obj29_PhysicsAsset,Content/Resources/Environments/Items/Bicycle/obj29_PhysicsAsset.uasset,6723,e2d1ed2724ee793b3113899275ffe2219740b22039f2861925d665629bb319b8,e2d1ed2724ee793b3113899275ffe2219740b22039f2861925d665629bb319b8,41574ff5d92de43419615b0a962180085eb71884,['PhysicsAsset'],C0032
/Game/Resources/Environments/Items/Bicycle/obj29_Skeleton,Content/Resources/Environments/Items/Bicycle/obj29_Skeleton.uasset,7286,6ec3a4a9e768f7791608505e7ed7cb20d99b977dfc494e454907af2d99fcd1df,6ec3a4a9e768f7791608505e7ed7cb20d99b977dfc494e454907af2d99fcd1df,d1975b4955fd85c091a422b7916dd9d65a08cad3,['Skeleton'],C0032
/Game/Resources/Environments/Items/Bicycle/obj2_PhysicsAsset,Content/Resources/Environments/Items/Bicycle/obj2_PhysicsAsset.uasset,5148,8ceeb8be7e8936b148771b32c55d1eb3a703f809b547ffe725e9f195d055a489,8ceeb8be7e8936b148771b32c55d1eb3a703f809b547ffe725e9f195d055a489,a5794b50426ecc1d619d8b32ce08eed3d0086d95,['PhysicsAsset'],C0047
/Game/Resources/Environments/Items/Bicycle/obj2_Skeleton,Content/Resources/Environments/Items/Bicycle/obj2_Skeleton.uasset,5795,14d12235f12330b19e1618f20421895190dd2ce6d245a16df730d508d8cf58f1,14d12235f12330b19e1618f20421895190dd2ce6d245a16df730d508d8cf58f1,ef9e5c0cb37fcb04e9c75f88757d67a4005aeb0f,['Skeleton'],C0047
/Game/Resources/Environments/Items/Bicycle/obj3,Content/Resources/Environments/Items/Bicycle/obj3.uasset,1267489,78dcec19a46cf249f51b9d726df0c72cfb8a9fef9a301e2648d03b4861c4e88d,78dcec19a46cf249f51b9d726df0c72cfb8a9fef9a301e2648d03b4861c4e88d,aa7ac900bb0bd2e7ab1acfa96f38ccf8ac0207cd,['SkeletalMesh'],C0033
/Game/Resources/Environments/Items/Bicycle/obj30,Content/Resources/Environments/Items/Bicycle/obj30.uasset,545808,7200133540b3e4d04e4ac7a2e6b1a7dfb0b26bd7295e9edbbaba9c616810c32a,7200133540b3e4d04e4ac7a2e6b1a7dfb0b26bd7295e9edbbaba9c616810c32a,d838000236d4146723c7838b34a048d130a3db2b,['SkeletalMesh'],C0048
/Game/Resources/Environments/Items/Bicycle/obj30_PhysicsAsset,Content/Resources/Environments/Items/Bicycle/obj30_PhysicsAsset.uasset,4257,a41d0d987bb913d303fa49262270836c364b0fa36944f50a3476c507ae5214a4,a41d0d987bb913d303fa49262270836c364b0fa36944f50a3476c507ae5214a4,b702321b504eef4fc52456903223becc51c36c70,['PhysicsAsset'],C0048
/Game/Resources/Environments/Items/Bicycle/obj30_Skeleton,Content/Resources/Environments/Items/Bicycle/obj30_Skeleton.uasset,4945,a201d44363aed4406a8f8e8d6d66f426e7395ab462291a0bb996883f14210f08,a201d44363aed4406a8f8e8d6d66f426e7395ab462291a0bb996883f14210f08,d9e9a389d97303ef81dd4d8900b14921df96fdaa,['Skeleton'],C0048
/Game/Resources/Environments/Items/Bicycle/obj31,Content/Resources/Environments/Items/Bicycle/obj31.uasset,508287,a4bc5ddbf1576efe4727506ee34469aaa13377c3529891ec90e670d20e34aabc,a4bc5ddbf1576efe4727506ee34469aaa13377c3529891ec90e670d20e34aabc,53ec6217815b4b5cbc0f8f6545bdeb1099f5dae1,['SkeletalMesh'],C0054
/Game/Resources/Environments/Items/Bicycle/obj31_PhysicsAsset,Content/Resources/Environments/Items/Bicycle/obj31_PhysicsAsset.uasset,4310,7269c43e12b2595bffe9a76c851a93d81c99d9947e618c863c82d4f05556fe50,7269c43e12b2595bffe9a76c851a93d81c99d9947e618c863c82d4f05556fe50,740f54af4ca45413484358bb98e4e577d1898b87,['PhysicsAsset'],C0054
/Game/Resources/Environments/Items/Bicycle/obj31_Skeleton,Content/Resources/Environments/Items/Bicycle/obj31_Skeleton.uasset,4873,4306f2e2738f42bd947952699e303de3b67903ab780db7a367086812a5ecf2c7,4306f2e2738f42bd947952699e303de3b67903ab780db7a367086812a5ecf2c7,0859dca7d0f05fe1a916ed925331214581445a40,['Skeleton'],C0054
/Game/Resources/Environments/Items/Bicycle/obj32,Content/Resources/Environments/Items/Bicycle/obj32.uasset,506931,b97cc0382dff791112b5ed5f63b6a25a8c5acfac2ca04d539696b62ba2ce01ad,b97cc0382dff791112b5ed5f63b6a25a8c5acfac2ca04d539696b62ba2ce01ad,f9fdb06fe35b00d0914fe369824f50d654a3c752,['SkeletalMesh'],C0055
/Game/Resources/Environments/Items/Bicycle/obj32_PhysicsAsset,Content/Resources/Environments/Items/Bicycle/obj32_PhysicsAsset.uasset,4573,0248d0a819037b7ab9a0bf3eaf84666f5f2e22993f7d5aa7a8d3f7d43ec6437c,0248d0a819037b7ab9a0bf3eaf84666f5f2e22993f7d5aa7a8d3f7d43ec6437c,a8bbbb502f4b1e36868682b1d1f020b83ab45387,['PhysicsAsset'],C0055
/Game/Resources/Environments/Items/Bicycle/obj32_Skeleton,Content/Resources/Environments/Items/Bicycle/obj32_Skeleton.uasset,5136,87d5058fc0d5001ab6f535ea5bf945e640017fa65556c5d90c4d35633d73cf39,87d5058fc0d5001ab6f535ea5bf945e640017fa65556c5d90c4d35633d73cf39,f79d91bfa95e2f353ef003cdeeedc35f4af17746,['Skeleton'],C0055
/Game/Resources/Environments/Items/Bicycle/obj33,Content/Resources/Environments/Items/Bicycle/obj33.uasset,98165,4567a7964fad3377b5e24922114ef0ab7f1b7c1ec68ef4e8308087eeee336da8,4567a7964fad3377b5e24922114ef0ab7f1b7c1ec68ef4e8308087eeee336da8,f2d9efdfe22afa93cb33bf7a277b2e7cefacecea,['SkeletalMesh'],C0079
/Game/Resources/Environments/Items/Bicycle/obj33_PhysicsAsset,Content/Resources/Environments/Items/Bicycle/obj33_PhysicsAsset.uasset,4182,4ec971822fcadb4319e0eb1f18fcd529d704f5371e12aa6d3d63dd97abddccd2,4ec971822fcadb4319e0eb1f18fcd529d704f5371e12aa6d3d63dd97abddccd2,12326247b1f21cf264f8227766fb30568e0f90a8,['PhysicsAsset'],C0079
/Game/Resources/Environments/Items/Bicycle/obj33_Skeleton,Content/Resources/Environments/Items/Bicycle/obj33_Skeleton.uasset,4745,cac232c3237d18cc57d596ec54f6aee04dcd7f773cde0475039cc9ac24c5c641,cac232c3237d18cc57d596ec54f6aee04dcd7f773cde0475039cc9ac24c5c641,54801df30e0c2c5e06cb30f5b52677170a7e217d,['Skeleton'],C0079
/Game/Resources/Environments/Items/Bicycle/obj34,Content/Resources/Environments/Items/Bicycle/obj34.uasset,652879,5e7911e471f04f418c9a8de2faa2ba02fbe153367389cdd01a86574672b679b5,5e7911e471f04f418c9a8de2faa2ba02fbe153367389cdd01a86574672b679b5,a5e0ea8c7f1f4a5cdb9c987882ba8db1d19ea5b0,['SkeletalMesh'],C0043
/Game/Resources/Environments/Items/Bicycle/obj34_PhysicsAsset,Content/Resources/Environments/Items/Bicycle/obj34_PhysicsAsset.uasset,4658,86a3a695700da1814a3a880e940de871227f8c1d7e1eb1db99212930380ba73b,86a3a695700da1814a3a880e940de871227f8c1d7e1eb1db99212930380ba73b,e60401daba9cc634de564ae6ba9b36ead141652c,['PhysicsAsset'],C0043
/Game/Resources/Environments/Items/Bicycle/obj34_Skeleton,Content/Resources/Environments/Items/Bicycle/obj34_Skeleton.uasset,5221,162f9647e69ba126f053fd5001d681aa5c42c2e5acc200e3d9974caccbb9e58b,162f9647e69ba126f053fd5001d681aa5c42c2e5acc200e3d9974caccbb9e58b,fd7348172e411a47aef5838d47528fbcc0b7e407,['Skeleton'],C0043
/Game/Resources/Environments/Items/Bicycle/obj35,Content/Resources/Environments/Items/Bicycle/obj35.uasset,430554,1e7042582a9a97bef0f60a1df048e57e6225f275490d0b9002442dfbe7b30d03,1e7042582a9a97bef0f60a1df048e57e6225f275490d0b9002442dfbe7b30d03,6484a3906587021308668f9cc5e342f5b991690e,['SkeletalMesh'],C0058
/Game/Resources/Environments/Items/Bicycle/obj35_PhysicsAsset,Content/Resources/Environments/Items/Bicycle/obj35_PhysicsAsset.uasset,4440,f5df653cdddc24ba2887c7d0531d0bf0cfee4889fb154eacbd51e576a235ed1d,f5df653cdddc24ba2887c7d0531d0bf0cfee4889fb154eacbd51e576a235ed1d,5e2e4c0fb90ff8a22d2bca2dd7cea91c0a1ed8c2,['PhysicsAsset'],C0058
/Game/Resources/Environments/Items/Bicycle/obj35_Skeleton,Content/Resources/Environments/Items/Bicycle/obj35_Skeleton.uasset,5003,f1b6ee86fba98efccb2b9a6e753bc5ea654e3965cc0c99b99e1e8da60e54e451,f1b6ee86fba98efccb2b9a6e753bc5ea654e3965cc0c99b99e1e8da60e54e451,d5afa051cdef6f56f4f376f3ccb365259e42ac85,['Skeleton'],C0058
/Game/Resources/Environments/Items/Bicycle/obj36,Content/Resources/Environments/Items/Bicycle/obj36.uasset,539896,40d63e867f36a1cf27383a3fea79ae5313b9349c8976a7f0ac487e72b6d09645,40d63e867f36a1cf27383a3fea79ae5313b9349c8976a7f0ac487e72b6d09645,e71993c07526356b8da479aa65cf47b32af98445,['SkeletalMesh'],C0049
/Game/Resources/Environments/Items/Bicycle/obj36_PhysicsAsset,Content/Resources/Environments/Items/Bicycle/obj36_PhysicsAsset.uasset,5082,a2eb55817f745e8ec7a0da010a29ad6c5745d168481e49ceefc29dec10a15343,a2eb55817f745e8ec7a0da010a29ad6c5745d168481e49ceefc29dec10a15343,13cb440bcb11a4f698e8f19c06f3053a20b76cd2,['PhysicsAsset'],C0049
/Game/Resources/Environments/Items/Bicycle/obj36_Skeleton,Content/Resources/Environments/Items/Bicycle/obj36_Skeleton.uasset,5645,5ffa2f7adf8b2f726395fec670b203e9025d930b187e02b3129342732c66f038,5ffa2f7adf8b2f726395fec670b203e9025d930b187e02b3129342732c66f038,7b176eb702a24587193c811f24d5b27bc1cdda95,['Skeleton'],C0049
/Game/Resources/Environments/Items/Bicycle/obj37,Content/Resources/Environments/Items/Bicycle/obj37.uasset,533088,09d9f488e6787a7d03ed239d0fb54d62de14e6304b88eeaebaf5302a4baeb514,09d9f488e6787a7d03ed239d0fb54d62de14e6304b88eeaebaf5302a4baeb514,3f6e0994c92a90f9ee41018d3e2e766266c398dd,['SkeletalMesh'],C0051
/Game/Resources/Environments/Items/Bicycle/obj37_PhysicsAsset,Content/Resources/Environments/Items/Bicycle/obj37_PhysicsAsset.uasset,5146,45a184572054c6d5cc30b087c90a68682054f65cd6d56799406d9fbd3a2ce9ad,45a184572054c6d5cc30b087c90a68682054f65cd6d56799406d9fbd3a2ce9ad,ca589503b27249fa9599729110a05097d20f4752,['PhysicsAsset'],C0051
/Game/Resources/Environments/Items/Bicycle/obj37_Skeleton,Content/Resources/Environments/Items/Bicycle/obj37_Skeleton.uasset,5709,1fb2bb974a3069a06382cb8ad1ad188aa5fbe7b07b487c3e52d1468293ebb322,1fb2bb974a3069a06382cb8ad1ad188aa5fbe7b07b487c3e52d1468293ebb322,ffe992fd5d132b254358ecb1dd143b6d8652cff1,['Skeleton'],C0051
/Game/Resources/Environments/Items/Bicycle/obj38,Content/Resources/Environments/Items/Bicycle/obj38.uasset,317578,07838fc49abd1cf4377347724b897b2a41a15e34abb5bb829a30c6c805903b68,07838fc49abd1cf4377347724b897b2a41a15e34abb5bb829a30c6c805903b68,4fc61ef2b7098136dda2bb9ff60b9ca78261240e,['SkeletalMesh'],C0064
/Game/Resources/Environments/Items/Bicycle/obj38_PhysicsAsset,Content/Resources/Environments/Items/Bicycle/obj38_PhysicsAsset.uasset,5600,ee817e96eb595732acbf805fdca262c3d716f2a7ce69ccfa2fc8bb990bff3b02,ee817e96eb595732acbf805fdca262c3d716f2a7ce69ccfa2fc8bb990bff3b02,27a3a18f58e6298149507c73272384c94234bf36,['PhysicsAsset'],C0064
/Game/Resources/Environments/Items/Bicycle/obj38_Skeleton,Content/Resources/Environments/Items/Bicycle/obj38_Skeleton.uasset,6262,5cb75416259cba1788e04860058b33d9578444d967f3f2b6c6e7aa5c40bd9ddf,5cb75416259cba1788e04860058b33d9578444d967f3f2b6c6e7aa5c40bd9ddf,14264fd2037e99b036603335456d9dcc1747769f,['Skeleton'],C0064
/Game/Resources/Environments/Items/Bicycle/obj39,Content/Resources/Environments/Items/Bicycle/obj39.uasset,641303,47802d5bfcf8bd6aeb50fa7315c87aafda0e9f7cdd292037995e0728707dd79a,47802d5bfcf8bd6aeb50fa7315c87aafda0e9f7cdd292037995e0728707dd79a,bcdb2548ab8185b25d0f3593675af67f35163250,['SkeletalMesh'],C0044
/Game/Resources/Environments/Items/Bicycle/obj39_PhysicsAsset,Content/Resources/Environments/Items/Bicycle/obj39_PhysicsAsset.uasset,5294,0c067f82e5890373f95f1a19eeef1e020f4d4feec96544a57151ae1a69dd6925,0c067f82e5890373f95f1a19eeef1e020f4d4feec96544a57151ae1a69dd6925,1111166772fcabfd07f653c11714330d0273bebc,['PhysicsAsset'],C0044
/Game/Resources/Environments/Items/Bicycle/obj39_Skeleton,Content/Resources/Environments/Items/Bicycle/obj39_Skeleton.uasset,5903,c88beef3715b7c74e29b0f12cf5506ad3dfd006ad5cf31cef05c6a68b2b11359,c88beef3715b7c74e29b0f12cf5506ad3dfd006ad5cf31cef05c6a68b2b11359,c6ac9a18218fef6585ff31618c4392463323df84,['Skeleton'],C0044
/Game/Resources/Environments/Items/Bicycle/obj3_PhysicsAsset,Content/Resources/Environments/Items/Bicycle/obj3_PhysicsAsset.uasset,5853,4fb3c1ee0dcb5571252c890eec7edb98bf723a38051bdc225e4e8e32bff96481,4fb3c1ee0dcb5571252c890eec7edb98bf723a38051bdc225e4e8e32bff96481,2f27bdc4d42bd36a41ca48daadbddb71f4d184fa,['PhysicsAsset'],C0033
/Game/Resources/Environments/Items/Bicycle/obj3_Skeleton,Content/Resources/Environments/Items/Bicycle/obj3_Skeleton.uasset,6415,2abaf33d7ccd9fe0f7057d3734a5470790ad38df72c19f22271798846bab2683,2abaf33d7ccd9fe0f7057d3734a5470790ad38df72c19f22271798846bab2683,4cbbb31ea6e656bc82b23797aabbd01332f6b653,['Skeleton'],C0033
/Game/Resources/Environments/Items/Bicycle/obj4,Content/Resources/Environments/Items/Bicycle/obj4.uasset,876298,3dc764fe9de0fc1259d7240d92d33adda0f7e5e26186f7ba35fe64dbd1ef53ba,3dc764fe9de0fc1259d7240d92d33adda0f7e5e26186f7ba35fe64dbd1ef53ba,5ae9251a39f221fa0aeddab2dd5e4b9b370ceaea,['SkeletalMesh'],C0040
/Game/Resources/Environments/Items/Bicycle/obj40,Content/Resources/Environments/Items/Bicycle/obj40.uasset,2226868,da2bb5f751747e15c1840bcba5084d1b7e1ef85f97306761715bb9458b20bc47,da2bb5f751747e15c1840bcba5084d1b7e1ef85f97306761715bb9458b20bc47,bb8c5b43f183bc41acb1503b584561496d4fbd71,['SkeletalMesh'],C0027
/Game/Resources/Environments/Items/Bicycle/obj40_PhysicsAsset,Content/Resources/Environments/Items/Bicycle/obj40_PhysicsAsset.uasset,5819,a07692d6d20cbf3156c596226d49f835e2cced1ca9a444844bedea3d771d861e,a07692d6d20cbf3156c596226d49f835e2cced1ca9a444844bedea3d771d861e,d06c7aaa05c021899434575f6d6fef288b8ef1b2,['PhysicsAsset'],C0027
/Game/Resources/Environments/Items/Bicycle/obj40_Skeleton,Content/Resources/Environments/Items/Bicycle/obj40_Skeleton.uasset,6407,4f7705911bdde5ad580fba15615a21ddc4b1d965b1534e281cf46229e5580e0c,4f7705911bdde5ad580fba15615a21ddc4b1d965b1534e281cf46229e5580e0c,cc965b844c6fbe930b06389918a3c66c33130c0b,['Skeleton'],C0027
/Game/Resources/Environments/Items/Bicycle/obj41,Content/Resources/Environments/Items/Bicycle/obj41.uasset,412691,1a8a8d4522eff441075a409f3bd3ce3fbeecc6b03f6a9f0652645d18ad5049c3,1a8a8d4522eff441075a409f3bd3ce3fbeecc6b03f6a9f0652645d18ad5049c3,70f2011137710fda0e61083453ef066973eb6cfb,['SkeletalMesh'],C0060
/Game/Resources/Environments/Items/Bicycle/obj41_PhysicsAsset,Content/Resources/Environments/Items/Bicycle/obj41_PhysicsAsset.uasset,4536,da61a01a23a8f5b5847d3b91ee0092c1ece1163dc3ae3d103319f2caf6e4fe04,da61a01a23a8f5b5847d3b91ee0092c1ece1163dc3ae3d103319f2caf6e4fe04,77260dccdcfcbba66939cfdb3fa5ac2a0c6ff78a,['PhysicsAsset'],C0060
/Game/Resources/Environments/Items/Bicycle/obj41_Skeleton,Content/Resources/Environments/Items/Bicycle/obj41_Skeleton.uasset,5181,e30b08cdca7d22e1c60745a5a5c47ae13a8d1c8ce84ce1057bb1ca63c867686d,e30b08cdca7d22e1c60745a5a5c47ae13a8d1c8ce84ce1057bb1ca63c867686d,eb29c5ead90ab71491e415cc18d9a3a9bb31d62e,['Skeleton'],C0060
/Game/Resources/Environments/Items/Bicycle/obj42,Content/Resources/Environments/Items/Bicycle/obj42.uasset,692269,591ba38dae1dab3d96f12631c199806e52f5bff71b997076f37be1e9eb205e4e,591ba38dae1dab3d96f12631c199806e52f5bff71b997076f37be1e9eb205e4e,019262d44cbf30ac634748021db31e3ce0df45ff,['SkeletalMesh'],C0042
/Game/Resources/Environments/Items/Bicycle/obj42_PhysicsAsset,Content/Resources/Environments/Items/Bicycle/obj42_PhysicsAsset.uasset,6115,2aff04b3184dfe1971055e35a6e8873693e2ddc1ab5a89d95c0531559e630ded,2aff04b3184dfe1971055e35a6e8873693e2ddc1ab5a89d95c0531559e630ded,51d81e2a38168b803dea8d4fcdd7aba0cf7c24d8,['PhysicsAsset'],C0042
/Game/Resources/Environments/Items/Bicycle/obj42_Skeleton,Content/Resources/Environments/Items/Bicycle/obj42_Skeleton.uasset,6678,089e1b34c9a566446742d5deccf8df761ac305a4f20bc771a758463858652300,089e1b34c9a566446742d5deccf8df761ac305a4f20bc771a758463858652300,445b35aabba8a6fa857e1c90404111fa480b1169,['Skeleton'],C0042
/Game/Resources/Environments/Items/Bicycle/obj43,Content/Resources/Environments/Items/Bicycle/obj43.uasset,337145,5fc2056611ca6aed9c6ab2c241be3b0bf8f9e479d2ffab6919e26f5f0a2b639f,5fc2056611ca6aed9c6ab2c241be3b0bf8f9e479d2ffab6919e26f5f0a2b639f,ae4ea285fe85e7b6085e3d3ddc3b22e4167a9ec5,['SkeletalMesh'],C0063
/Game/Resources/Environments/Items/Bicycle/obj43_PhysicsAsset,Content/Resources/Environments/Items/Bicycle/obj43_PhysicsAsset.uasset,4612,31efc0d1519645620d48ac76c22a4f957c3ec28d0ce12b003c4c7d72926db7ab,31efc0d1519645620d48ac76c22a4f957c3ec28d0ce12b003c4c7d72926db7ab,5fe2f320d3269c29f40abfea34bf40ddc4561008,['PhysicsAsset'],C0063
/Game/Resources/Environments/Items/Bicycle/obj43_Skeleton,Content/Resources/Environments/Items/Bicycle/obj43_Skeleton.uasset,5175,c79149506d00e379d98e4b8fecb0fc5886765cc09c9745557d906240b3a3bc48,c79149506d00e379d98e4b8fecb0fc5886765cc09c9745557d906240b3a3bc48,417988ce95d91bfcc5722eb869d696a37ca06244,['Skeleton'],C0063
/Game/Resources/Environments/Items/Bicycle/obj4_PhysicsAsset,Content/Resources/Environments/Items/Bicycle/obj4_PhysicsAsset.uasset,5091,a67291e5315d5f9e03d3e0b244f17841446c7d9ab50a29255a2aef5a0c5d0de6,a67291e5315d5f9e03d3e0b244f17841446c7d9ab50a29255a2aef5a0c5d0de6,67e8cefcab3a412d748f99de7ce6b02024673a3e,['PhysicsAsset'],C0040
/Game/Resources/Environments/Items/Bicycle/obj4_Skeleton,Content/Resources/Environments/Items/Bicycle/obj4_Skeleton.uasset,5729,ad680ca93f46436cf94cb6867c677b89f6a0234f923ce59d6404ba8272cb11c1,ad680ca93f46436cf94cb6867c677b89f6a0234f923ce59d6404ba8272cb11c1,d582b8d13bc4a35138644b511f510915582189ee,['Skeleton'],C0040
/Game/Resources/Environments/Items/Bicycle/obj5,Content/Resources/Environments/Items/Bicycle/obj5.uasset,1266577,49a2c5c5013793658d7b3eaccfbcbda61d47c9a3b7481ee975ba795e41957bcf,49a2c5c5013793658d7b3eaccfbcbda61d47c9a3b7481ee975ba795e41957bcf,3266388664a865e457556974a4b89ed63835625c,['SkeletalMesh'],C0034
/Game/Resources/Environments/Items/Bicycle/obj5_PhysicsAsset,Content/Resources/Environments/Items/Bicycle/obj5_PhysicsAsset.uasset,5760,73457d242c3f75abdf3f4ee3837194c955d21b08466c57dc534923252e0d70ce,73457d242c3f75abdf3f4ee3837194c955d21b08466c57dc534923252e0d70ce,d723fa5be3884ad17f3c125786d60e5ebf68d93f,['PhysicsAsset'],C0034
/Game/Resources/Environments/Items/Bicycle/obj5_Skeleton,Content/Resources/Environments/Items/Bicycle/obj5_Skeleton.uasset,6359,7658c8b0f81d5892076f24de4c6b4e48b4ed3fdffc926c9244845e318c447469,7658c8b0f81d5892076f24de4c6b4e48b4ed3fdffc926c9244845e318c447469,1a4a62338ec4facef2211777d8e8f785c48b9dd1,['Skeleton'],C0034
/Game/Resources/Environments/Items/Bicycle/obj6,Content/Resources/Environments/Items/Bicycle/obj6.uasset,1623981,7a302b1a2aab49c148a17e9586d236aa41e037afcac0a75973cff691c78019ed,7a302b1a2aab49c148a17e9586d236aa41e037afcac0a75973cff691c78019ed,3616450d3b3cf2a16739a49e0acaec3e68741501,['SkeletalMesh'],C0030
/Game/Resources/Environments/Items/Bicycle/obj6_PhysicsAsset,Content/Resources/Environments/Items/Bicycle/obj6_PhysicsAsset.uasset,5928,470d50bcc072c096518d560bd88f61ae8b8e7c6c1f1a3e1046ca3b6e5fa14283,470d50bcc072c096518d560bd88f61ae8b8e7c6c1f1a3e1046ca3b6e5fa14283,2bb10cfa2e21c39bf8bc1597abaf800061e3a85b,['PhysicsAsset'],C0030
/Game/Resources/Environments/Items/Bicycle/obj6_Skeleton,Content/Resources/Environments/Items/Bicycle/obj6_Skeleton.uasset,6554,ddae47e1594432139c2eeebc6541e89db29604e90004c8b8c82a01b5e3c1556a,ddae47e1594432139c2eeebc6541e89db29604e90004c8b8c82a01b5e3c1556a,60c6ddc78ddb15510cb12af0dc002bf246b8293e,['Skeleton'],C0030
/Game/Resources/Environments/Items/Bicycle/obj7,Content/Resources/Environments/Items/Bicycle/obj7.uasset,1246310,af6097edda3e73b16bd025507a9ccd3a115746dbb5a876e4467fc82fd9cd355e,af6097edda3e73b16bd025507a9ccd3a115746dbb5a876e4467fc82fd9cd355e,485a33b6f59098d37bf3c097dc99cce4412b9a1d,['SkeletalMesh'],C0035
/Game/Resources/Environments/Items/Bicycle/obj7_PhysicsAsset,Content/Resources/Environments/Items/Bicycle/obj7_PhysicsAsset.uasset,5440,ffd0a8b36eb4baf9f2c9544f9de0dfdb38f919bbd399f369fdad6cca5769fedb,ffd0a8b36eb4baf9f2c9544f9de0dfdb38f919bbd399f369fdad6cca5769fedb,299244024da01c98c340d0d95a69090832051d66,['PhysicsAsset'],C0035
/Game/Resources/Environments/Items/Bicycle/obj7_Skeleton,Content/Resources/Environments/Items/Bicycle/obj7_Skeleton.uasset,6002,0c5ca561f091990ac1a596b44734bcb8b4f5bd35028e89d2c4cf8860e42b0c78,0c5ca561f091990ac1a596b44734bcb8b4f5bd35028e89d2c4cf8860e42b0c78,5a42b49bd89fb46aeac65390681197306d367da4,['Skeleton'],C0035
/Game/Resources/Environments/Items/Bicycle/obj8,Content/Resources/Environments/Items/Bicycle/obj8.uasset,1216970,c1dfb5dd15538358d88f4af8cc81b257362691ec56a408435ead226a3d16650b,c1dfb5dd15538358d88f4af8cc81b257362691ec56a408435ead226a3d16650b,d878d32896ce6e51700b67db5f96224714a9c239,['SkeletalMesh'],C0036
/Game/Resources/Environments/Items/Bicycle/obj8_PhysicsAsset,Content/Resources/Environments/Items/Bicycle/obj8_PhysicsAsset.uasset,5560,db3e4a26c561a3dcd5a0ec8775a78609262a8db5f19caa3455477fdd212153c2,db3e4a26c561a3dcd5a0ec8775a78609262a8db5f19caa3455477fdd212153c2,204584168c49f48a599ee6b023cfc6a6012b825a,['PhysicsAsset'],C0036
/Game/Resources/Environments/Items/Bicycle/obj8_Skeleton,Content/Resources/Environments/Items/Bicycle/obj8_Skeleton.uasset,6218,fa5344c72944e87757d08cf03e35cf99cf08639e68bbacad013dda0473111eaf,fa5344c72944e87757d08cf03e35cf99cf08639e68bbacad013dda0473111eaf,8be7831d419144f8ba57e7ae8334981cd3a1606f,['Skeleton'],C0036
/Game/Resources/Environments/Items/Bicycle/obj9,Content/Resources/Environments/Items/Bicycle/obj9.uasset,2383794,f69369859c71cabaa5caa32541a6a85f1a8b941e4c4146e3f371ed41b0c5da25,f69369859c71cabaa5caa32541a6a85f1a8b941e4c4146e3f371ed41b0c5da25,5b9d43f74c40a66b012f71a7715fc4d365405151,['SkeletalMesh'],C0025
/Game/Resources/Environments/Items/Bicycle/obj9_PhysicsAsset,Content/Resources/Environments/Items/Bicycle/obj9_PhysicsAsset.uasset,5388,6b19e1d89318c59dea18d41ae83c53a5caf496468fa2c15f927d5ae07f70fa08,6b19e1d89318c59dea18d41ae83c53a5caf496468fa2c15f927d5ae07f70fa08,6c8a7e780c007b7899cdc97ae4a07c0ae79f33a0,['PhysicsAsset'],C0025
/Game/Resources/Environments/Items/Bicycle/obj9_Skeleton,Content/Resources/Environments/Items/Bicycle/obj9_Skeleton.uasset,5950,4acc6d46830974b36771a69eea02473ee94186dc77976de62eca1ce56953e2fc,4acc6d46830974b36771a69eea02473ee94186dc77976de62eca1ce56953e2fc,d240120281dcba7d5bdde7b6388ba8890b7691ba,['Skeleton'],C0025
/Game/Resources/Environments/Props/AbandonedSchool/Clock_Tower_Prop/Clock_Tower_Prop_B_0_C6B463C9,Content/Resources/Environments/Props/AbandonedSchool/Clock_Tower_Prop/Clock_Tower_Prop_B_0_C6B463C9.uasset,1707,f3fe997c90d6c16d5b3d2246cf9180110b5d06bb241e1d73c80c39bc90c68160,f3fe997c90d6c16d5b3d2246cf9180110b5d06bb241e1d73c80c39bc90c68160,70b6d82795ec899eb7eeb1a0b064e6666df85711,['ObjectRedirector'],C0028
/Game/Resources/Environments/Props/AbandonedSchool/Clock_Tower_Prop/Clock_Tower_Prop_B_10_1AF4402E,Content/Resources/Environments/Props/AbandonedSchool/Clock_Tower_Prop/Clock_Tower_Prop_B_10_1AF4402E.uasset,1728,2202de57afcb5a0d3ad28661427244df404f90bff52f427877a7d63f6bec4921,2202de57afcb5a0d3ad28661427244df404f90bff52f427877a7d63f6bec4921,59859be5e5c126b48425633756cbab493b860040,['ObjectRedirector'],C0024
/Game/Resources/Environments/Props/AbandonedSchool/Clock_Tower_Prop/Clock_Tower_Prop_B_11_D8D8A5DE,Content/Resources/Environments/Props/AbandonedSchool/Clock_Tower_Prop/Clock_Tower_Prop_B_11_D8D8A5DE.uasset,1728,a48e777afd9948f62309ed6852bfe7670c267739322c6b0d65d841f1a231015a,a48e777afd9948f62309ed6852bfe7670c267739322c6b0d65d841f1a231015a,3dd99f8e61f6612b749e6ad0df6d0a434e4a0d35,['ObjectRedirector'],C0023
/Game/Resources/Environments/Props/AbandonedSchool/Clock_Tower_Prop/Clock_Tower_Prop_B_12_E041BBEA,Content/Resources/Environments/Props/AbandonedSchool/Clock_Tower_Prop/Clock_Tower_Prop_B_12_E041BBEA.uasset,1724,86cbe2d76759c016a073730352ea24d0d2e63744fae161911134af7023c7a557,86cbe2d76759c016a073730352ea24d0d2e63744fae161911134af7023c7a557,dff095aec5d653c722259673717b678325a33f6a,['ObjectRedirector'],C0037
/Game/Resources/Environments/Props/AbandonedSchool/Clock_Tower_Prop/Clock_Tower_Prop_B_1_F2C465EE,Content/Resources/Environments/Props/AbandonedSchool/Clock_Tower_Prop/Clock_Tower_Prop_B_1_F2C465EE.uasset,1707,4ce68c922f48c76fd400f7634f51e31f764949ef768d11ca209ba3eb005b694b,4ce68c922f48c76fd400f7634f51e31f764949ef768d11ca209ba3eb005b694b,6f50136bad907f5e013446d9ce2ef8c24ebef1e1,['ObjectRedirector'],C0038
/Game/Resources/Environments/Props/AbandonedSchool/Clock_Tower_Prop/Clock_Tower_Prop_B_2_2A26FDB7,Content/Resources/Environments/Props/AbandonedSchool/Clock_Tower_Prop/Clock_Tower_Prop_B_2_2A26FDB7.uasset,1707,d26a55495644d1a36aacedb6df6634769a0450a2af406f3755b9f7fdeb88392b,d26a55495644d1a36aacedb6df6634769a0450a2af406f3755b9f7fdeb88392b,61ab0bb614b76baf3d1c350315f45637d91aa2b3,['ObjectRedirector'],C0141
/Game/Resources/Environments/Props/AbandonedSchool/Clock_Tower_Prop/Clock_Tower_Prop_B_4_4AC5F0C4,Content/Resources/Environments/Props/AbandonedSchool/Clock_Tower_Prop/Clock_Tower_Prop_B_4_4AC5F0C4.uasset,1731,8a1ae76cd515a23ac0a5e55e98350626ab15347cb1b7be89669aef81177bf791,8a1ae76cd515a23ac0a5e55e98350626ab15347cb1b7be89669aef81177bf791,a24e2cac3f04431504781940aeed684af7f33b6a,['ObjectRedirector'],C0006
/Game/Resources/Environments/Props/AbandonedSchool/Clock_Tower_Prop/Clock_Tower_Prop_B_5_025BA01C,Content/Resources/Environments/Props/AbandonedSchool/Clock_Tower_Prop/Clock_Tower_Prop_B_5_025BA01C.uasset,1711,4fe37aad72cc8b9276a4ed977189a783632c9fd896560f88e01d3116e95d9bb4,4fe37aad72cc8b9276a4ed977189a783632c9fd896560f88e01d3116e95d9bb4,097991dae4e62edff6815a6b3d837efa0bf6e5b1,['ObjectRedirector'],C0022
/Game/Resources/Environments/Props/AbandonedSchool/Clock_Tower_Prop/Clock_Tower_Prop_B_6_B7A70F49,Content/Resources/Environments/Props/AbandonedSchool/Clock_Tower_Prop/Clock_Tower_Prop_B_6_B7A70F49.uasset,1719,5038585d4b295e816e0715b7f4d8440fa25e55d81ab8640e22d0a75d1615aa58,5038585d4b295e816e0715b7f4d8440fa25e55d81ab8640e22d0a75d1615aa58,e7ab295c3edea283f9ca0feef865cba2a6f68cd5,['ObjectRedirector'],C0007
/Game/Resources/Environments/Props/AbandonedSchool/Clock_Tower_Prop/Clock_Tower_Prop_B_9_E0FF7E40,Content/Resources/Environments/Props/AbandonedSchool/Clock_Tower_Prop/Clock_Tower_Prop_B_9_E0FF7E40.uasset,1723,f86d3cc5ceeb48e50f17ed4ac3b56597ff6654c250c1fa3df77c13e4fcd566bf,f86d3cc5ceeb48e50f17ed4ac3b56597ff6654c250c1fa3df77c13e4fcd566bf,1944d1aeded1a45e90efcd3aacec4dfe3d721faf,['ObjectRedirector'],C0140
/Game/Resources/Environments/Props/AbandonedSchool/Clock_Tower_Prop/SM_AbandonedSchool_ClockTower_BoxFrame,Content/Resources/Environments/Props/AbandonedSchool/Clock_Tower_Prop/SM_AbandonedSchool_ClockTower_BoxFrame.uasset,1207895,e3618252af0664b6c75822e9b890ad47ca9727ec23d83f8b180e7a27a048f026,e3618252af0664b6c75822e9b890ad47ca9727ec23d83f8b180e7a27a048f026,1208373b9e1608101b488983e73b8f14c8967b1c,['StaticMesh'],C0037
/Game/Resources/Environments/Props/AbandonedSchool/Clock_Tower_Prop/SM_AbandonedSchool_ClockTower_GearAxisA,Content/Resources/Environments/Props/AbandonedSchool/Clock_Tower_Prop/SM_AbandonedSchool_ClockTower_GearAxisA.uasset,2882223,a8ddbfd6a6a714c16bdc82cdc03320193f36b396317aced6e5652f2ababb0426,a8ddbfd6a6a714c16bdc82cdc03320193f36b396317aced6e5652f2ababb0426,6dade57a0494bef76cd5af3dde4c79a4c6da9776,['StaticMesh'],C0023
/Game/Resources/Environments/Props/AbandonedSchool/Clock_Tower_Prop/SM_AbandonedSchool_ClockTower_MachineB,Content/Resources/Environments/Props/AbandonedSchool/Clock_Tower_Prop/SM_AbandonedSchool_ClockTower_MachineB.uasset,24472487,93d8c5e900040e55978a204574625f68832d83660aaf902b2787eb9b3f20147e,93d8c5e900040e55978a204574625f68832d83660aaf902b2787eb9b3f20147e,4bca113084f290e9764defbf696cc6153ddaa411,['StaticMesh'],C0007
/Game/Resources/Environments/Props/AbandonedSchool/Clock_Tower_Prop/SM_AbandonedSchool_ClockTower_Pillar,Content/Resources/Environments/Props/AbandonedSchool/Clock_Tower_Prop/SM_AbandonedSchool_ClockTower_Pillar.uasset,2995835,c7368357c2ff0aef3e16f9a9592d53262e64e34d5055d9abf07ce4699ba33976,c7368357c2ff0aef3e16f9a9592d53262e64e34d5055d9abf07ce4699ba33976,2e22af3724a55e85295343576cf0094884117c51,['StaticMesh'],C0022
/Game/Resources/Environments/Props/AbandonedSchool/Clock_Tower_Prop/SM_AbandonedSchool_ClockTower_RailA,Content/Resources/Environments/Props/AbandonedSchool/Clock_Tower_Prop/SM_AbandonedSchool_ClockTower_RailA.uasset,1690617,473358856178e75b647e0938e5ea3fdca4acc42b7fa4b38576009b331ec25f97,473358856178e75b647e0938e5ea3fdca4acc42b7fa4b38576009b331ec25f97,fd6cec3c5d1f4d5939bc9e22bd02bbe46204e727,['StaticMesh'],C0028
/Game/Resources/Environments/Props/AbandonedSchool/Clock_Tower_Prop/SM_AbandonedSchool_ClockTower_RailB,Content/Resources/Environments/Props/AbandonedSchool/Clock_Tower_Prop/SM_AbandonedSchool_ClockTower_RailB.uasset,1092470,531305a6f95757549eaadfe6bf54aac6011ec2689fe0407c65e89ca5e04024df,531305a6f95757549eaadfe6bf54aac6011ec2689fe0407c65e89ca5e04024df,e68cdb99a6496ae74de299690e86a1b857b3a2e2,['StaticMesh'],C0038
/Game/Resources/Environments/Props/AbandonedSchool/Clock_Tower_Prop/SM_AbandonedSchool_ClockTower_RailStair,Content/Resources/Environments/Props/AbandonedSchool/Clock_Tower_Prop/SM_AbandonedSchool_ClockTower_RailStair.uasset,2621175,6b27f359aa22ff69fa9eadfe98514b18e71fa8f9821ab0cc382530d838f32baf,6b27f359aa22ff69fa9eadfe98514b18e71fa8f9821ab0cc382530d838f32baf,241b36a0a352a2867c5ddee63512940b3990a5be,['StaticMesh'],C0024
/Game/Resources/Environments/Props/AbandonedSchool/Clock_Tower_Prop/SM_AbandonedSchool_ClockTower_SpiralStair,Content/Resources/Environments/Props/AbandonedSchool/Clock_Tower_Prop/SM_AbandonedSchool_ClockTower_SpiralStair.uasset,26650785,8789f983aa49c718ffb4e65ede185c775e28a7c548fb28fc046297642f4ce4a8,8789f983aa49c718ffb4e65ede185c775e28a7c548fb28fc046297642f4ce4a8,002f3bb836fcb6b8a4cd02135a1b322b9c30b3ba,['StaticMesh'],C0006
/Game/Resources/Environments/Props/AbandonedSchool/SM_Stalactite/MI_Stalactite,Content/Resources/Environments/Props/AbandonedSchool/SM_Stalactite/MI_Stalactite.uasset,73609,8e5f58f70a74a543f3b87aca717ec6f4f4e3c5b694295e4451f7a496105b6f61,8e5f58f70a74a543f3b87aca717ec6f4f4e3c5b694295e4451f7a496105b6f61,4f82de603952604e4bf8292c3f7cba3a3adb3f9e,['MaterialInstanceConstant'],C0004
/Game/Resources/Environments/Props/AbandonedSchool/SM_Stalactite/SM_Stalactite,Content/Resources/Environments/Props/AbandonedSchool/SM_Stalactite/SM_Stalactite.uasset,29546099,f61423f76f736d949b75a3a7af4b06b5c5339579e1af7909b1d4d344df7ce4c1,f61423f76f736d949b75a3a7af4b06b5c5339579e1af7909b1d4d344df7ce4c1,92a7db584ae7273882171439638f1e99531a2ba9,['StaticMesh'],C0004
/Game/Resources/Environments/Props/AbandonedSchool/SM_Stalactite/T_Stalactite,Content/Resources/Environments/Props/AbandonedSchool/SM_Stalactite/T_Stalactite.uasset,7571340,00fe8a850fbb0ef425fcf4ab5f8b43ec4b39c88158693cd863edfc700b10ebfd,00fe8a850fbb0ef425fcf4ab5f8b43ec4b39c88158693cd863edfc700b10ebfd,061732b986b84e61db9363f528e9c3dcba3e01cd,['Texture2D'],C0004
/Game/Resources/Environments/Props/AbandonedSchool/SM_Stalactite/T_Stalactite_Emission,Content/Resources/Environments/Props/AbandonedSchool/SM_Stalactite/T_Stalactite_Emission.uasset,80498,a7a1815ab9f6eccbe090eb13405d094588f98b3bb81b11d777f0d4864da71b6b,a7a1815ab9f6eccbe090eb13405d094588f98b3bb81b11d777f0d4864da71b6b,cdcea3f2d9311b4769905340196fadcfe95acbeb,['Texture2D'],C0004
/Game/Resources/Environments/Props/AbandonedSchool/SM_Stalactite/T_Stalactite_Normal,Content/Resources/Environments/Props/AbandonedSchool/SM_Stalactite/T_Stalactite_Normal.uasset,8511942,c49dc3686bb0e0394268acc91639016be0b1f779376bfe3533220c18f96bbeaa,c49dc3686bb0e0394268acc91639016be0b1f779376bfe3533220c18f96bbeaa,9e8e4e0bfba2f199031826b143f8282364624c6e,['Texture2D'],C0004
/Game/Resources/Environments/Props/AbandonedSchool/SM_Sword_Stuck_At_Ground/MI_Sword_Stuck_At_Ground,Content/Resources/Environments/Props/AbandonedSchool/SM_Sword_Stuck_At_Ground/MI_Sword_Stuck_At_Ground.uasset,70992,d952391d0df9a9779bb6c743c67844339c28aa06ddaca8a483ce238239bd327f,d952391d0df9a9779bb6c743c67844339c28aa06ddaca8a483ce238239bd327f,8c0fd41390bfedb0a7cb70b259113067bc851200,['MaterialInstanceConstant'],C0010
/Game/Resources/Environments/Props/AbandonedSchool/SM_Sword_Stuck_At_Ground/SM_Sword_Stuck_At_Ground,Content/Resources/Environments/Props/AbandonedSchool/SM_Sword_Stuck_At_Ground/SM_Sword_Stuck_At_Ground.uasset,3379316,01dd9a2c7e10d59c030d1b902c0c9f2465c01d2ac1a0f2a160079540b471f5f5,01dd9a2c7e10d59c030d1b902c0c9f2465c01d2ac1a0f2a160079540b471f5f5,5fbe8f5ee8bf61c53c22a22f056835773237e7eb,['StaticMesh'],C0010
/Game/Resources/Environments/Props/AbandonedSchool/SM_Sword_Stuck_At_Ground/T_Sword_Stuck_At_Ground,Content/Resources/Environments/Props/AbandonedSchool/SM_Sword_Stuck_At_Ground/T_Sword_Stuck_At_Ground.uasset,6678053,57b0fbbc1b3502e1995a6f03f5c58a503b38077fcbd046d8ee93ed50d1032477,57b0fbbc1b3502e1995a6f03f5c58a503b38077fcbd046d8ee93ed50d1032477,fe2e1612bf29956187576cc07d950415c118cfc0,['Texture2D'],C0010
/Game/Resources/Environments/Props/AbandonedSchool/SM_Sword_Stuck_At_Ground/T_Sword_Stuck_At_Ground_Emission,Content/Resources/Environments/Props/AbandonedSchool/SM_Sword_Stuck_At_Ground/T_Sword_Stuck_At_Ground_Emission.uasset,63637,4e99c3bc5c6c51faeec9abf822ffe7c0792f7dd6298191ea3f6d302f0a275543,4e99c3bc5c6c51faeec9abf822ffe7c0792f7dd6298191ea3f6d302f0a275543,0ad878d0f13c841bfbac828643a50e8d4b5c995e,['Texture2D'],C0010
/Game/Resources/Environments/Props/AbandonedSchool/SM_Sword_Stuck_At_Ground/T_Sword_Stuck_At_Ground_Normal,Content/Resources/Environments/Props/AbandonedSchool/SM_Sword_Stuck_At_Ground/T_Sword_Stuck_At_Ground_Normal.uasset,7926940,0cf518d5aa8a4eced39f540b9950b4f708a7662b7111eee480c27c0238598830,0cf518d5aa8a4eced39f540b9950b4f708a7662b7111eee480c27c0238598830,76bb8270a9793e192d3a79945bbf7767296be0eb,['Texture2D'],C0010
/Game/Resources/Environments/Props/AbandonedSchool/School_Classroom_Music_Prop/MI_School_Classroom_Music_Prop,Content/Resources/Environments/Props/AbandonedSchool/School_Classroom_Music_Prop/MI_School_Classroom_Music_Prop.uasset,74179,2c650db925517f675e417c593415f7bcfa0ffe76247cc6855013870dc33cc74d,2c650db925517f675e417c593415f7bcfa0ffe76247cc6855013870dc33cc74d,d6a58ef493cc316120bb4547b4c3a2c0b306f1f7,['MaterialInstanceConstant'],C0002
/Game/Resources/Environments/Props/AbandonedSchool/School_Classroom_Music_Prop/SM_AbandonedSchool_Music_Prop_Blackboard,Content/Resources/Environments/Props/AbandonedSchool/School_Classroom_Music_Prop/SM_AbandonedSchool_Music_Prop_Blackboard.uasset,10747769,6065180a61fe00688db88389f89d4ca043b00520460de87955d1b5a962220491,6065180a61fe00688db88389f89d4ca043b00520460de87955d1b5a962220491,054428ff9daa17de3bfa605c785bd28331529cb0,['StaticMesh'],C0002
/Game/Resources/Environments/Props/AbandonedSchool/School_Classroom_Music_Prop/SM_AbandonedSchool_Music_Prop_Books,Content/Resources/Environments/Props/AbandonedSchool/School_Classroom_Music_Prop/SM_AbandonedSchool_Music_Prop_Books.uasset,3682708,f99a7f8e6bbb73b219c4c4824ce25f310af429e9e52d265569df6e470560bb07,f99a7f8e6bbb73b219c4c4824ce25f310af429e9e52d265569df6e470560bb07,49fd938d6530f3ee27e573034766c8e89a1610b4,['StaticMesh'],C0002
/Game/Resources/Environments/Props/AbandonedSchool/School_Classroom_Music_Prop/SM_AbandonedSchool_Music_Prop_Cello,Content/Resources/Environments/Props/AbandonedSchool/School_Classroom_Music_Prop/SM_AbandonedSchool_Music_Prop_Cello.uasset,3127665,7cc2d03ac2658211c77a8e84ccf485e4924029e0570b3bb8287cc814afd8f79c,7cc2d03ac2658211c77a8e84ccf485e4924029e0570b3bb8287cc814afd8f79c,1934fdcc0bf4ab978a3222c2a47c1ecb04aa66ee,['StaticMesh'],C0002
/Game/Resources/Environments/Props/AbandonedSchool/School_Classroom_Music_Prop/SM_AbandonedSchool_Music_Prop_Cymbals,Content/Resources/Environments/Props/AbandonedSchool/School_Classroom_Music_Prop/SM_AbandonedSchool_Music_Prop_Cymbals.uasset,1415701,79dcfd1e9e6177dab98e8e2af025c4e5c6fffeab953d0f8a767957e4a43ad1f1,79dcfd1e9e6177dab98e8e2af025c4e5c6fffeab953d0f8a767957e4a43ad1f1,d358e05fc68b615ed5e452a50321352c059a4961,['StaticMesh'],C0002
/Game/Resources/Environments/Props/AbandonedSchool/School_Classroom_Music_Prop/SM_AbandonedSchool_Music_Prop_Doublebass,Content/Resources/Environments/Props/AbandonedSchool/School_Classroom_Music_Prop/SM_AbandonedSchool_Music_Prop_Doublebass.uasset,3085709,b64953a5e57b15a3ae93d01cadef50cc1b7c06db75f6b36bb3676d9309d4e849,b64953a5e57b15a3ae93d01cadef50cc1b7c06db75f6b36bb3676d9309d4e849,f7ac95640f966a18ea241f80be7e05e010e09b52,['StaticMesh'],C0002
/Game/Resources/Environments/Props/AbandonedSchool/School_Classroom_Music_Prop/SM_AbandonedSchool_Music_Prop_Drum,Content/Resources/Environments/Props/AbandonedSchool/School_Classroom_Music_Prop/SM_AbandonedSchool_Music_Prop_Drum.uasset,2749103,87da62f6366b0a836368a946da5b1b2b22736cecc1e1af7da2fd971e5baa429d,87da62f6366b0a836368a946da5b1b2b22736cecc1e1af7da2fd971e5baa429d,9aeaa3cee454267d93a39b894e1f9093fd28fdb3,['StaticMesh'],C0002
/Game/Resources/Environments/Props/AbandonedSchool/School_Classroom_Music_Prop/SM_AbandonedSchool_Music_Prop_MusicStand,Content/Resources/Environments/Props/AbandonedSchool/School_Classroom_Music_Prop/SM_AbandonedSchool_Music_Prop_MusicStand.uasset,2237783,c7af829238c182b444b8800ed2f695b4dc1d543e005bfaebc23029c9789945e2,c7af829238c182b444b8800ed2f695b4dc1d543e005bfaebc23029c9789945e2,3d3af782c6e3f644ca9a7a5ee1c5637587885cff,['StaticMesh'],C0002
/Game/Resources/Environments/Props/AbandonedSchool/School_Classroom_Music_Prop/SM_AbandonedSchool_Music_Prop_MusicStandCoverA,Content/Resources/Environments/Props/AbandonedSchool/School_Classroom_Music_Prop/SM_AbandonedSchool_Music_Prop_MusicStandCoverA.uasset,1071445,11a3787c02fb25914e836b8d8b201421fcfbd4f570ea21d3e457663c160a6700,11a3787c02fb25914e836b8d8b201421fcfbd4f570ea21d3e457663c160a6700,345482b97ae252e6de23872d43bd28f3b1561c96,['StaticMesh'],C0002
/Game/Resources/Environments/Props/AbandonedSchool/School_Classroom_Music_Prop/SM_AbandonedSchool_Music_Prop_MusicStandCoverB,Content/Resources/Environments/Props/AbandonedSchool/School_Classroom_Music_Prop/SM_AbandonedSchool_Music_Prop_MusicStandCoverB.uasset,1289731,98676385f843968daae16a3699bf161f5f58dfe38175ea2287ea4d7f6a029a5a,98676385f843968daae16a3699bf161f5f58dfe38175ea2287ea4d7f6a029a5a,cc4e9606c55bd50ce42e85484e38d90bccc333dd,['StaticMesh'],C0002
/Game/Resources/Environments/Props/AbandonedSchool/School_Classroom_Music_Prop/SM_AbandonedSchool_Music_Prop_Toolbox,Content/Resources/Environments/Props/AbandonedSchool/School_Classroom_Music_Prop/SM_AbandonedSchool_Music_Prop_Toolbox.uasset,4357909,c1e4dac7fc0c7b2dedbaef5cf7fb98c87f7e6f673ba7e0fa1aeb40ecc3bb7f94,c1e4dac7fc0c7b2dedbaef5cf7fb98c87f7e6f673ba7e0fa1aeb40ecc3bb7f94,238577f89b418868904420d5d29386fe29c35448,['StaticMesh'],C0002
/Game/Resources/Environments/Props/AbandonedSchool/School_Classroom_Music_Prop/SM_AbandonedSchool_Music_Prop_Trumpet,Content/Resources/Environments/Props/AbandonedSchool/School_Classroom_Music_Prop/SM_AbandonedSchool_Music_Prop_Trumpet.uasset,2648799,22cea8a76d0fd4ddbb0c433540d6809df66aa5db7a5954b524f67a3f4591f7e7,22cea8a76d0fd4ddbb0c433540d6809df66aa5db7a5954b524f67a3f4591f7e7,b12ed16170965dc0acd901e2ef1fc77d6cd10064,['StaticMesh'],C0002
/Game/Resources/Environments/Props/AbandonedSchool/School_Classroom_Music_Prop/SM_AbandonedSchool_Music_Prop_TrumpetCase,Content/Resources/Environments/Props/AbandonedSchool/School_Classroom_Music_Prop/SM_AbandonedSchool_Music_Prop_TrumpetCase.uasset,3374085,a8518735ae607bd7f5b814bfd848b724f36435ab3f36dc9caebf57304f3ce83d,a8518735ae607bd7f5b814bfd848b724f36435ab3f36dc9caebf57304f3ce83d,a472cf8fd52c21c9ecc5db33c72cd0e62acabdd2,['StaticMesh'],C0002
/Game/Resources/Environments/Props/AbandonedSchool/School_Classroom_Music_Prop/SM_AbandonedSchool_Music_Prop_Violin,Content/Resources/Environments/Props/AbandonedSchool/School_Classroom_Music_Prop/SM_AbandonedSchool_Music_Prop_Violin.uasset,2084716,f25e1c42782a0ec0d9b00e95291b990b9bff1fe6276efa6081b34c8776f85882,f25e1c42782a0ec0d9b00e95291b990b9bff1fe6276efa6081b34c8776f85882,4afb84ac1c0910130a5799904606d0e7f3a03513,['StaticMesh'],C0002
/Game/Resources/Environments/Props/AbandonedSchool/School_Classroom_Music_Prop/SM_AbandonedSchool_Music_Prop_ViolinCase,Content/Resources/Environments/Props/AbandonedSchool/School_Classroom_Music_Prop/SM_AbandonedSchool_Music_Prop_ViolinCase.uasset,3878393,0216668e202346db3a1f9fa9d87353885f8370cc2be3d4b76f9e14385fd9ba99,0216668e202346db3a1f9fa9d87353885f8370cc2be3d4b76f9e14385fd9ba99,490cd9b80cc05a73699589f0e1db3044d68e2c64,['StaticMesh'],C0002
/Game/Resources/Environments/Props/AbandonedSchool/School_Classroom_Music_Prop/SM_AbandonedSchool_Music_Prop_ViolinCover,Content/Resources/Environments/Props/AbandonedSchool/School_Classroom_Music_Prop/SM_AbandonedSchool_Music_Prop_ViolinCover.uasset,1835,ffd525bad7ab8fe17d9d6c1d040ebb372b563232b326f0e596cc507d9d1ea4a6,ffd525bad7ab8fe17d9d6c1d040ebb372b563232b326f0e596cc507d9d1ea4a6,6ee17d03439a9dc69effc1492972a8197d0a0dde,['ObjectRedirector'],C0002
/Game/Resources/Environments/Props/AbandonedSchool/School_Classroom_Music_Prop/SM_AbandonedSchool_Music_Prop_Xylophone,Content/Resources/Environments/Props/AbandonedSchool/School_Classroom_Music_Prop/SM_AbandonedSchool_Music_Prop_Xylophone.uasset,4263297,f7b137cf005b4768998ec04004c657497b4e84a6e0f01baa77eb249a05a2bae5,f7b137cf005b4768998ec04004c657497b4e84a6e0f01baa77eb249a05a2bae5,6277527c6bcbb521616be36f11b7259e74531e20,['StaticMesh'],C0002
/Game/Resources/Environments/Props/AbandonedSchool/School_Classroom_Music_Prop/T_School_Classroom_Music_Prop_Basecolor,Content/Resources/Environments/Props/AbandonedSchool/School_Classroom_Music_Prop/T_School_Classroom_Music_Prop_Basecolor.uasset,13510117,f9a67b71928b7e10389d9362ea8c1cedfc2c6adbd7328f9ef39d125f9bbcde0b,f9a67b71928b7e10389d9362ea8c1cedfc2c6adbd7328f9ef39d125f9bbcde0b,ffd8553b361bba28776c96b91f2193673ff52235,['Texture2D'],C0002
/Game/Resources/Environments/Props/AbandonedSchool/School_Classroom_Music_Prop/T_School_Classroom_Music_Prop_Normal,Content/Resources/Environments/Props/AbandonedSchool/School_Classroom_Music_Prop/T_School_Classroom_Music_Prop_Normal.uasset,8349312,53b1469dcbfdfc8d5763a2f8b6f27a3bf54c846396f3155492b1fd17e34f1df5,53b1469dcbfdfc8d5763a2f8b6f27a3bf54c846396f3155492b1fd17e34f1df5,aae2e5796261ed66fbf8f03f8ad342c6f5f79c11,['Texture2D'],C0002
/Game/Resources/Environments/Props/AbandonedSchool/School_Classroom_Music_Prop/T_School_Classroom_Music_Prop_Roughness,Content/Resources/Environments/Props/AbandonedSchool/School_Classroom_Music_Prop/T_School_Classroom_Music_Prop_Roughness.uasset,4525342,0e8e723ebebf9ad9edff3145c41e919bae64a38998bad77b243293763710547c,0e8e723ebebf9ad9edff3145c41e919bae64a38998bad77b243293763710547c,aafa1cff0f0f352a7bbfc6e42e44ef57d6ead207,['Texture2D'],C0002
/Game/Resources/Environments/Props/AbandonedSchool/School_Classroom_Music_Prop/tripo_convert_7f762b94-0834-4015-be68-b7c2adf5d1d9_0_269AA5EC,Content/Resources/Environments/Props/AbandonedSchool/School_Classroom_Music_Prop/tripo_convert_7f762b94-0834-4015-be68-b7c2adf5d1d9_0_269AA5EC.uasset,1935,23ce5ee3eb9bd50e59ee824e5bd49cf4c395967faab3511ff85f728a8c54e8a0,23ce5ee3eb9bd50e59ee824e5bd49cf4c395967faab3511ff85f728a8c54e8a0,054b3d2fc79aa583f3bb5d88adfa2ac919607a13,['ObjectRedirector'],C0002
/Game/Resources/Environments/Props/AbandonedSchool/School_Classroom_Music_Prop/tripo_convert_7f762b94-0834-4015-be68-b7c2adf5d1d9_11_4C119839,Content/Resources/Environments/Props/AbandonedSchool/School_Classroom_Music_Prop/tripo_convert_7f762b94-0834-4015-be68-b7c2adf5d1d9_11_4C119839.uasset,1944,f6b770d206823dde3c3f4540754c5f54909aacefd160305df44de25df1b13296,f6b770d206823dde3c3f4540754c5f54909aacefd160305df44de25df1b13296,863ce444bd764cf68710873d10c0882fe50e4afb,['ObjectRedirector'],C0002
/Game/Resources/Environments/Props/AbandonedSchool/School_Classroom_Music_Prop/tripo_convert_7f762b94-0834-4015-be68-b7c2adf5d1d9_12_EE532D02,Content/Resources/Environments/Props/AbandonedSchool/School_Classroom_Music_Prop/tripo_convert_7f762b94-0834-4015-be68-b7c2adf5d1d9_12_EE532D02.uasset,1928,c945cd6835783ecde54b3b109a3649caccf5e190bf5a6f5dd77455f1a2deb233,c945cd6835783ecde54b3b109a3649caccf5e190bf5a6f5dd77455f1a2deb233,7b297b6b175741f82ec9a9a6cb8c57b9dd6a7c64,['ObjectRedirector'],C0002
/Game/Resources/Environments/Props/AbandonedSchool/School_Classroom_Music_Prop/tripo_convert_7f762b94-0834-4015-be68-b7c2adf5d1d9_13_F013F219,Content/Resources/Environments/Props/AbandonedSchool/School_Classroom_Music_Prop/tripo_convert_7f762b94-0834-4015-be68-b7c2adf5d1d9_13_F013F219.uasset,1964,e609d1b224c03b8eb4c372593ac8c13b8c6342c97772ee344e287f8ebd78f596,e609d1b224c03b8eb4c372593ac8c13b8c6342c97772ee344e287f8ebd78f596,a29bbc725c869dac48508a570c4f1548e5154df3,['ObjectRedirector'],C0002
/Game/Resources/Environments/Props/AbandonedSchool/School_Classroom_Music_Prop/tripo_convert_7f762b94-0834-4015-be68-b7c2adf5d1d9_14_FC64DDEE,Content/Resources/Environments/Props/AbandonedSchool/School_Classroom_Music_Prop/tripo_convert_7f762b94-0834-4015-be68-b7c2adf5d1d9_14_FC64DDEE.uasset,1924,fc748a717726f9fadf4e4a491646ccdde759e0582e96591b17532e3eaf7ab2c1,fc748a717726f9fadf4e4a491646ccdde759e0582e96591b17532e3eaf7ab2c1,ed176921d5974a34436a52ac490c4502fb6f36f1,['ObjectRedirector'],C0002
/Game/Resources/Environments/Props/AbandonedSchool/School_Classroom_Music_Prop/tripo_convert_7f762b94-0834-4015-be68-b7c2adf5d1d9_15_ED6C6113,Content/Resources/Environments/Props/AbandonedSchool/School_Classroom_Music_Prop/tripo_convert_7f762b94-0834-4015-be68-b7c2adf5d1d9_15_ED6C6113.uasset,1964,8c3cd635870b2b6595f168143c48fd266fc55ed4bc37b987481ceec3d8fda72d,8c3cd635870b2b6595f168143c48fd266fc55ed4bc37b987481ceec3d8fda72d,1049477cdbbc471370ceafc9cec95a133de42e91,['ObjectRedirector'],C0002
/Game/Resources/Environments/Props/AbandonedSchool/School_Classroom_Music_Prop/tripo_convert_7f762b94-0834-4015-be68-b7c2adf5d1d9_17_DA0AB26C,Content/Resources/Environments/Props/AbandonedSchool/School_Classroom_Music_Prop/tripo_convert_7f762b94-0834-4015-be68-b7c2adf5d1d9_17_DA0AB26C.uasset,1920,6c1f6ba70c2671072d863d163d08990992195d3c61fb81d78eaff5ee2be5c55d,6c1f6ba70c2671072d863d163d08990992195d3c61fb81d78eaff5ee2be5c55d,bfaf16e1aef341f01810bc097e5dd9821b8cafb4,['ObjectRedirector'],C0002
/Game/Resources/Environments/Props/AbandonedSchool/School_Classroom_Music_Prop/tripo_convert_7f762b94-0834-4015-be68-b7c2adf5d1d9_18_75014C0E,Content/Resources/Environments/Props/AbandonedSchool/School_Classroom_Music_Prop/tripo_convert_7f762b94-0834-4015-be68-b7c2adf5d1d9_18_75014C0E.uasset,1936,36dce412e072e4da6cee0251d4e8ce79930bdcc282533331bce1b12c87e78ac7,36dce412e072e4da6cee0251d4e8ce79930bdcc282533331bce1b12c87e78ac7,9ffd8a33711bb088420a1a88124d010a7b4bee08,['ObjectRedirector'],C0002
/Game/Resources/Environments/Props/AbandonedSchool/School_Classroom_Music_Prop/tripo_convert_7f762b94-0834-4015-be68-b7c2adf5d1d9_19_4BFB0C70,Content/Resources/Environments/Props/AbandonedSchool/School_Classroom_Music_Prop/tripo_convert_7f762b94-0834-4015-be68-b7c2adf5d1d9_19_4BFB0C70.uasset,1920,e00922d5843a45fbdc57909b9e56dc5ac9bae932a5e1d5b73f33d91f76f851c7,e00922d5843a45fbdc57909b9e56dc5ac9bae932a5e1d5b73f33d91f76f851c7,c6076c4bc41fce06ec2bdd5f0ced16ba207d68b8,['ObjectRedirector'],C0002
/Game/Resources/Environments/Props/AbandonedSchool/School_Classroom_Music_Prop/tripo_convert_7f762b94-0834-4015-be68-b7c2adf5d1d9_1_8064A70E,Content/Resources/Environments/Props/AbandonedSchool/School_Classroom_Music_Prop/tripo_convert_7f762b94-0834-4015-be68-b7c2adf5d1d9_1_8064A70E.uasset,1935,0ecb549588da53c84ee122d54c22afd8022614bf48e3497c49ef5ce5d5b6c394,0ecb549588da53c84ee122d54c22afd8022614bf48e3497c49ef5ce5d5b6c394,a868249cdb3c11f3df7baa1e325414e33f41eaeb,['ObjectRedirector'],C0002
/Game/Resources/Environments/Props/AbandonedSchool/School_Classroom_Music_Prop/tripo_convert_7f762b94-0834-4015-be68-b7c2adf5d1d9_22_98B83540,Content/Resources/Environments/Props/AbandonedSchool/School_Classroom_Music_Prop/tripo_convert_7f762b94-0834-4015-be68-b7c2adf5d1d9_22_98B83540.uasset,1928,384dfcc868389efb0e4509fe1bd58cf1fe558d7805ca06319536ffaf8b89ba53,384dfcc868389efb0e4509fe1bd58cf1fe558d7805ca06319536ffaf8b89ba53,7bdd569f631295a27776cfb22e09376c218878dc,['ObjectRedirector'],C0002
/Game/Resources/Environments/Props/AbandonedSchool/School_Classroom_Music_Prop/tripo_convert_7f762b94-0834-4015-be68-b7c2adf5d1d9_23_8723844E,Content/Resources/Environments/Props/AbandonedSchool/School_Classroom_Music_Prop/tripo_convert_7f762b94-0834-4015-be68-b7c2adf5d1d9_23_8723844E.uasset,1940,e0e234bdc6c0d420a8d17f2925f7015365d3e570348bad135f59aedda169a317,e0e234bdc6c0d420a8d17f2925f7015365d3e570348bad135f59aedda169a317,91333228a7f6a6361d7a1a26839d7f62e841615e,['ObjectRedirector'],C0002
/Game/Resources/Environments/Props/AbandonedSchool/School_Classroom_Music_Prop/tripo_convert_7f762b94-0834-4015-be68-b7c2adf5d1d9_24_66E429AD,Content/Resources/Environments/Props/AbandonedSchool/School_Classroom_Music_Prop/tripo_convert_7f762b94-0834-4015-be68-b7c2adf5d1d9_24_66E429AD.uasset,1916,5e219adb63af31e93819262aa567472ecaca495cf2588bd726d79d68ffb16cd0,5e219adb63af31e93819262aa567472ecaca495cf2588bd726d79d68ffb16cd0,aa289bd79439d4138ad368069ccc397e20660006,['ObjectRedirector'],C0002
/Game/Resources/Environments/Props/AbandonedSchool/School_Classroom_Music_Prop/tripo_convert_7f762b94-0834-4015-be68-b7c2adf5d1d9_27_A6C555F6,Content/Resources/Environments/Props/AbandonedSchool/School_Classroom_Music_Prop/tripo_convert_7f762b94-0834-4015-be68-b7c2adf5d1d9_27_A6C555F6.uasset,1944,a96bdddbd4dcd4ccf79b3fb67a20fbf71549eccc1555cb44b2c14c4ad7d0043b,a96bdddbd4dcd4ccf79b3fb67a20fbf71549eccc1555cb44b2c14c4ad7d0043b,0823af0262c8d530a0d771f98c1e86ef909cf5b8,['ObjectRedirector'],C0002
/Game/Resources/Environments/Props/AbandonedSchool/School_Classroom_Music_Prop/tripo_convert_7f762b94-0834-4015-be68-b7c2adf5d1d9_28_FFE4018A,Content/Resources/Environments/Props/AbandonedSchool/School_Classroom_Music_Prop/tripo_convert_7f762b94-0834-4015-be68-b7c2adf5d1d9_28_FFE4018A.uasset,1928,6d069c56091f701773a3d918a76838b654c0c9590df3211830bbc40a2bc025b6,6d069c56091f701773a3d918a76838b654c0c9590df3211830bbc40a2bc025b6,2ea80dfc41646a3ce15cd24bba4c7af506a72184,['ObjectRedirector'],C0002
/Game/Resources/Environments/Props/AbandonedSchool/School_Classroom_Music_Prop/tripo_mat_7f762b94,Content/Resources/Environments/Props/AbandonedSchool/School_Classroom_Music_Prop/tripo_mat_7f762b94.uasset,1708,194da613822df4f81e83397e46638bfa0326f0c7c515a94a0b127ac0e88eee0e,194da613822df4f81e83397e46638bfa0326f0c7c515a94a0b127ac0e88eee0e,6e5f856827ee4dff13690abde5a90d333776fe23,['ObjectRedirector'],C0002
/Game/Resources/Environments/Props/AbandonedSchool/School_Classroom_Prop/MI_School_Classroom_Prop_A,Content/Resources/Environments/Props/AbandonedSchool/School_Classroom_Prop/MI_School_Classroom_Prop_A.uasset,76428,84063a63ce8beeeaeebc0e12eb27c9a87d59e06f1cd18bb36e1f11ce12c95954,84063a63ce8beeeaeebc0e12eb27c9a87d59e06f1cd18bb36e1f11ce12c95954,3ecbe4d369ef819745c9b74a2198c0669ab82d4f,['MaterialInstanceConstant'],C0009
/Game/Resources/Environments/Props/AbandonedSchool/School_Classroom_Prop/SM_AbandonedSchool_Classroom_Prop_Computer,Content/Resources/Environments/Props/AbandonedSchool/School_Classroom_Prop/SM_AbandonedSchool_Classroom_Prop_Computer.uasset,1309320,d390bfe2d1f2f808f39fcb1e4608719c7491a5533978f0db5d7c98cb6f3a0294,d390bfe2d1f2f808f39fcb1e4608719c7491a5533978f0db5d7c98cb6f3a0294,c5a2883a2f2dd1abacd64f984ea169aef29414dc,['StaticMesh'],C0009
/Game/Resources/Environments/Props/AbandonedSchool/School_Classroom_Prop/T_School_Classroom_Prop_A_BaseColor,Content/Resources/Environments/Props/AbandonedSchool/School_Classroom_Prop/T_School_Classroom_Prop_A_BaseColor.uasset,7629878,1c45401b868b7d323e765b0a5338ea0a350e8d9f53274ed06154be6acae3887f,1c45401b868b7d323e765b0a5338ea0a350e8d9f53274ed06154be6acae3887f,c1070fc468681ea2adbe850b71afe6da35c1c599,['Texture2D'],C0009
/Game/Resources/Environments/Props/AbandonedSchool/School_Classroom_Prop/T_School_Classroom_Prop_A_Emissive,Content/Resources/Environments/Props/AbandonedSchool/School_Classroom_Prop/T_School_Classroom_Prop_A_Emissive.uasset,141260,d97ac459099963b5dc3a69ba6081862293dab4946ff5e565b96bd977bb08a00f,d97ac459099963b5dc3a69ba6081862293dab4946ff5e565b96bd977bb08a00f,aa5a99e95d707a7bcaa02132a8256eddf0a947ff,['Texture2D'],C0009
/Game/Resources/Environments/Props/AbandonedSchool/School_Classroom_Prop/T_School_Classroom_Prop_A_Normal,Content/Resources/Environments/Props/AbandonedSchool/School_Classroom_Prop/T_School_Classroom_Prop_A_Normal.uasset,8151875,f9254680c5bee3d0fe213152444710d1423b0f7508a38e068ee2da331d7f3ea4,f9254680c5bee3d0fe213152444710d1423b0f7508a38e068ee2da331d7f3ea4,f851fad26befbb76b5fdb96b18afbc3bf0c41df2,['Texture2D'],C0009
/Game/Resources/Environments/Props/AbandonedSchool/School_Classroom_Prop/T_School_Classroom_Prop_A_Roughness,Content/Resources/Environments/Props/AbandonedSchool/School_Classroom_Prop/T_School_Classroom_Prop_A_Roughness.uasset,1713278,7b2e7c2e79e5aa37e599ee2da8eff0ffe1f7e444c892b9d967beca923d67d87e,7b2e7c2e79e5aa37e599ee2da8eff0ffe1f7e444c892b9d967beca923d67d87e,cd04b7460f727529a575b04bf30452ff82bfce8f,['Texture2D'],C0009
/Game/Resources/Environments/Props/Common/Red_Brick_Wall/T_Red_Brick_Wall_Basecolor,Content/Resources/Environments/Props/Common/Red_Brick_Wall/T_Red_Brick_Wall_Basecolor.uasset,21618117,1e5198500df44aa0834ca71e68a26525f669241c5e43a7afc7ed078ea45a6131,1e5198500df44aa0834ca71e68a26525f669241c5e43a7afc7ed078ea45a6131,662584ab76b82d0506fee587c84652a1bbc8c758,['Texture2D'],C0008
/Game/Resources/Environments/Props/Common/Red_Brick_Wall/T_Red_Brick_Wall_Normal,Content/Resources/Environments/Props/Common/Red_Brick_Wall/T_Red_Brick_Wall_Normal.uasset,14712361,8e80828a68610998ef454021333efec5ef7c9fec4a806505e164c179e9c3fb1a,8e80828a68610998ef454021333efec5ef7c9fec4a806505e164c179e9c3fb1a,5d19334434a1a2fdc5653627b72dc90352560921,['Texture2D'],C0012
/Game/Resources/Environments/Props/Common/Red_Brick_Wall/T_Red_Brick_Wall_Roughness,Content/Resources/Environments/Props/Common/Red_Brick_Wall/T_Red_Brick_Wall_Roughness.uasset,2375307,8bd6adf7182bdcc4fcd37cc4f8fd3fb1fbf2c65c2bbf7cc5204e2b5b8edb7f7e,8bd6adf7182bdcc4fcd37cc4f8fd3fb1fbf2c65c2bbf7cc5204e2b5b8edb7f7e,9a735dad4b8f65e9eed65ad2c1232e9bf1205b01,['Texture2D'],C0026
/Game/Resources/Environments/Props/Common/SM_Beanstalk/MI_Beanstalk,Content/Resources/Environments/Props/Common/SM_Beanstalk/MI_Beanstalk.uasset,72934,1b98a2a42f78e2623af4b1087c2fac5503ec3fb6cf97fd648f3741d12cc3a447,1b98a2a42f78e2623af4b1087c2fac5503ec3fb6cf97fd648f3741d12cc3a447,2a5cd93cadb739cdb424e0a506561370af796612,['MaterialInstanceConstant'],C0005
/Game/Resources/Environments/Props/Common/SM_Beanstalk/SM_Beanstalk,Content/Resources/Environments/Props/Common/SM_Beanstalk/SM_Beanstalk.uasset,18021305,eea3d9398769944419d26db8a1b713f96d3ebb13921768077e7b2cfec1bccae1,eea3d9398769944419d26db8a1b713f96d3ebb13921768077e7b2cfec1bccae1,5aa107493273954c7dd881ff19f45c6a723dd1a3,['StaticMesh'],C0005
/Game/Resources/Environments/Props/Common/SM_Beanstalk/T_Beanstalk,Content/Resources/Environments/Props/Common/SM_Beanstalk/T_Beanstalk.uasset,8430693,1f10e15ad18d04fbb66491a3a349cb08c8b302815a71649917c91eb146599ea4,1f10e15ad18d04fbb66491a3a349cb08c8b302815a71649917c91eb146599ea4,a5880adb4b265b028cd9e5e19482648f3f39c008,['Texture2D'],C0005
/Game/Resources/Environments/Props/Common/SM_Beanstalk/T_Beanstalk_Emission,Content/Resources/Environments/Props/Common/SM_Beanstalk/T_Beanstalk_Emission.uasset,1328529,e2f881daedaaeb70adbb45abab9b830485c3418c845608ae6880a9536ba885c9,e2f881daedaaeb70adbb45abab9b830485c3418c845608ae6880a9536ba885c9,04d16f8d0954f07ac7b64e7840898bdd2a9bf7df,['Texture2D'],C0005
/Game/Resources/Environments/Props/Common/SM_Beanstalk/T_Beanstalk_Normal,Content/Resources/Environments/Props/Common/SM_Beanstalk/T_Beanstalk_Normal.uasset,8113841,7d5e0470df8d94fa57cd0950553f034561bca55251edb5f9c899ea722dbe17c9,7d5e0470df8d94fa57cd0950553f034561bca55251edb5f9c899ea722dbe17c9,d5a018cd4877ecc70f2d7fac8d6773f8a90e8214,['Texture2D'],C0005
/Game/Resources/Environments/Props/Common/SM_Mushroom/MI_Mushroom,Content/Resources/Environments/Props/Common/SM_Mushroom/MI_Mushroom.uasset,73034,1f6d407b1e098a4848997d21315e915787805741a0f16b808e2b59e12c7fd614,1f6d407b1e098a4848997d21315e915787805741a0f16b808e2b59e12c7fd614,8eb85e8d93468810accf291490ae9f195c5cda17,['MaterialInstanceConstant'],C0003
/Game/Resources/Environments/Props/Common/SM_Mushroom/SM_Mushroom,Content/Resources/Environments/Props/Common/SM_Mushroom/SM_Mushroom.uasset,42786454,b61f990b9b71a3a3c1390576667b572cadcb68ea5c7e8178e2784e1b1fe8be1d,b61f990b9b71a3a3c1390576667b572cadcb68ea5c7e8178e2784e1b1fe8be1d,adf9838b5747f76f9ae6079a4187fd49a0e06488,['StaticMesh'],C0003
/Game/Resources/Environments/Props/Common/SM_Mushroom/T_Mushroom,Content/Resources/Environments/Props/Common/SM_Mushroom/T_Mushroom.uasset,7283279,41b5b378b58e78e905d980246336ce9bcbf96c1b905b5e0cb27c2860f99f9bc2,41b5b378b58e78e905d980246336ce9bcbf96c1b905b5e0cb27c2860f99f9bc2,d9f075576b34ae1ffab190ebe6f331666b98ce57,['Texture2D'],C0003
/Game/Resources/Environments/Props/Common/SM_Mushroom/T_Mushroom_Emission,Content/Resources/Environments/Props/Common/SM_Mushroom/T_Mushroom_Emission.uasset,1675556,f579eccd4b7bacaeb74b0b8da060a39be2d1efb1fa4846aa6efab475e2e698a3,f579eccd4b7bacaeb74b0b8da060a39be2d1efb1fa4846aa6efab475e2e698a3,4d917fc64140b3ba2ffe7cf270d245c4444d3067,['Texture2D'],C0003
/Game/Resources/Environments/Props/Common/SM_Mushroom/T_Mushroom_Normal,Content/Resources/Environments/Props/Common/SM_Mushroom/T_Mushroom_Normal.uasset,7980988,2a39fe01c8398481e897e268f44470404d5dbcb31f97937b3db5b54574c88615,2a39fe01c8398481e897e268f44470404d5dbcb31f97937b3db5b54574c88615,8b3875e4ee50c830a37005268aa16d92149e5471,['Texture2D'],C0003
/Game/Resources/Environments/Props/StartIsland/Tree/MI_Tree_Normal_A,Content/Resources/Environments/Props/StartIsland/Tree/MI_Tree_Normal_A.uasset,77179,b083ada25efb8657a7877201d12c444416be4724be6e319d112e3e5c6c1b2d3e,b083ada25efb8657a7877201d12c444416be4724be6e319d112e3e5c6c1b2d3e,7065abfc2cdc6f5003b9b5856eaf44992abb1fac,['MaterialInstanceConstant'],C0014
/Game/Resources/Environments/Props/StartIsland/Tree/SM_Tree_Normal_A,Content/Resources/Environments/Props/StartIsland/Tree/SM_Tree_Normal_A.uasset,971418,1540d06196e9cbdbb049825540bf170fa87aa862b30da5db3f5f930aef4efbf2,1540d06196e9cbdbb049825540bf170fa87aa862b30da5db3f5f930aef4efbf2,68b26803bc0cc53da2dfc1667be0d6e8b333bcbc,['StaticMesh'],C0014
/Game/Resources/Environments/Props/StartIsland/Tree/T_Tree_Normal_A,Content/Resources/Environments/Props/StartIsland/Tree/T_Tree_Normal_A.uasset,5988650,d3679f9e5b181f9f7268c752a650de96df21de1c2bcb71874434930198d0bb6a,d3679f9e5b181f9f7268c752a650de96df21de1c2bcb71874434930198d0bb6a,182698f9424748731c72b9fbdb4ff27f6bfeedc5,['Texture2D'],C0014
/Game/Resources/Environments/Props/StartIsland/Tree/T_Tree_Normal_A_Normal,Content/Resources/Environments/Props/StartIsland/Tree/T_Tree_Normal_A_Normal.uasset,4965664,8c13696a4760091683fc2360a8ebb8f4b81e1a31469efecad539379dfc62425c,8c13696a4760091683fc2360a8ebb8f4b81e1a31469efecad539379dfc62425c,fa0d1935d0c280f2611b825fcce0626389444fd7,['Texture2D'],C0014
/Game/Resources/Environments/Props/StartIsland/Tree/T_Tree_Normal_A_Roughness,Content/Resources/Environments/Props/StartIsland/Tree/T_Tree_Normal_A_Roughness.uasset,1535769,848e00d011e79679e0ede8fb387334308cc1adc3d6e1fd9e8c465ea3cf836ca3,848e00d011e79679e0ede8fb387334308cc1adc3d6e1fd9e8c465ea3cf836ca3,d27d1247a12831be1c521514c01cf80de555a344,['Texture2D'],C0014
