id,name,task_id
01,ColumnBase,a6b3833e-790e-4036-81db-682711133901
03,ColumnCapital,70d77135-1331-4b22-98e6-726b181d5061
04,SideArch,9d4567de-f834-4611-a109-f3631353ac92
05,Wall,4ab73b11-bb7e-4e39-afae-ecf99093d6cf
06,WindowLower,6741f9d6-8544-4a5d-9c64-30bc191e011c
07,WindowArch,60a0b761-2f66-4fd7-b4ba-1f610b3424d8
08,Mullion,a3a7baab-2050-4613-8528-6066cb3bb6ee
09,Beam,aa61cdf0-6f2a-4956-9e83-a7ef12f61374
10,RoofTruss,7f2a2232-ca5e-4633-83fc-81b80c65fcfc
11,BrokenBeam,3034d867-a8f9-4629-89cd-469ca6cdd6d4
12,SmallArch,65eb0107-64d1-47f8-af70-b8d016a483ba
13,Floor,9e5e6b43-14bd-461c-bea4-3846645ea316
14,Bench,e56153c0-8173-4dfc-a218-d812f77ad23a
15,Rubble,0fb86ce4-34a0-4008-8888-7d3407780353
16,Grass,a6ed6337-a549-4d7b-a319-0edaac798640
17,Shrub,94caf2ed-56c1-466a-9f27-5c797197ee99
18,Vine,56c22587-f4f3-48c5-9433-90dcd8206a5f
25,Railing,f60819f5-8e99-4010-80d7-91a39e14528c
26,RoofPanel,db1c647d-170f-4577-be0f-40eb5c3abb07
