group,packages,bytes,sample,members
C0001,6,78668912,/Game/Resources/Characters/NPC/Lightning_Counter/T_Lightning_Counter_Basecolor,/Game/Resources/Characters/NPC/Lightning_Counter/MI_Lightning_Counter;/Game/Resources/Characters/NPC/Lightning_Counter/SKM_Lightning_Counter;/Game/Resources/Characters/NPC/Lightning_Counter/SK_Lightning_Counter;/Game/Resources/Characters/NPC/Lightning_Counter/T_Lightning_Counter_Basecolor;/Game/Resources/Characters/NPC/Lightning_Counter/T_Lightning_Counter_Normal;/Game/Resources/Characters/NPC/Lightning_Counter/T_Lightning_Counter_Roughness
C0002,36,76506332,/Game/Resources/Environments/Props/AbandonedSchool/School_Classroom_Music_Prop/T_School_Classroom_Music_Prop_Basecolor,/Game/Resources/Environments/Props/AbandonedSchool/School_Classroom_Music_Prop/MI_School_Classroom_Music_Prop;/Game/Resources/Environments/Props/AbandonedSchool/School_Classroom_Music_Prop/SM_AbandonedSchool_Music_Prop_Blackboard;/Game/Resources/Environments/Props/AbandonedSchool/School_Classroom_Music_Prop/SM_AbandonedSchool_Music_Prop_Books;/Game/Resources/Environments/Props/AbandonedSchool/School_Classroom_Music_Prop/SM_AbandonedSchool_Music_Prop_Cello;/Game/Resources/Environments/Props/AbandonedSchool/School_Classroom_Music_Prop/SM_AbandonedSchool_Music_Prop_Cymbals;/Game/Resources/Environments/Props/AbandonedSchool/School_Classroom_Music_Prop/SM_AbandonedSchool_Music_Prop_Doublebass;/Game/Resources/Environments/Props/AbandonedSchool/School_Classroom_Music_Prop/SM_AbandonedSchool_Music_Prop_Drum;/Game/Resources/Environments/Props/AbandonedSchool/School_Classroom_Music_Prop/SM_AbandonedSchool_Music_Prop_MusicStand;/Game/Resources/Environments/Props/AbandonedSchool/School_Classroom_Music_Prop/SM_AbandonedSchool_Music_Prop_MusicStandCoverA;/Game/Resources/Environments/Props/AbandonedSchool/School_Classroom_Music_Prop/SM_AbandonedSchool_Music_Prop_MusicStandCoverB;/Game/Resources/Environments/Props/AbandonedSchool/School_Classroom_Music_Prop/SM_AbandonedSchool_Music_Prop_Toolbox;/Game/Resources/Environments/Props/AbandonedSchool/School_Classroom_Music_Prop/SM_AbandonedSchool_Music_Prop_Trumpet;/Game/Resources/Environments/Props/AbandonedSchool/School_Classroom_Music_Prop/SM_AbandonedSchool_Music_Prop_TrumpetCase;/Game/Resources/Environments/Props/AbandonedSchool/School_Classroom_Music_Prop/SM_AbandonedSchool_Music_Prop_Violin;/Game/Resources/Environments/Props/AbandonedSchool/School_Classroom_Music_Prop/SM_AbandonedSchool_Music_Prop_ViolinCase;/Game/Resources/Environments/Props/AbandonedSchool/School_Classroom_Music_Prop/SM_AbandonedSchool_Music_Prop_ViolinCover;/Game/Resources/Environments/Props/AbandonedSchool/School_Classroom_Music_Prop/SM_AbandonedSchool_Music_Prop_Xylophone;/Game/Resources/Environments/Props/AbandonedSchool/School_Classroom_Music_Prop/T_School_Classroom_Music_Prop_Basecolor;/Game/Resources/Environments/Props/AbandonedSchool/School_Classroom_Music_Prop/T_School_Classroom_Music_Prop_Normal;/Game/Resources/Environments/Props/AbandonedSchool/School_Classroom_Music_Prop/T_School_Classroom_Music_Prop_Roughness;/Game/Resources/Environments/Props/AbandonedSchool/School_Classroom_Music_Prop/tripo_convert_7f762b94-0834-4015-be68-b7c2adf5d1d9_0_269AA5EC;/Game/Resources/Environments/Props/AbandonedSchool/School_Classroom_Music_Prop/tripo_convert_7f762b94-0834-4015-be68-b7c2adf5d1d9_11_4C119839;/Game/Resources/Environments/Props/AbandonedSchool/School_Classroom_Music_Prop/tripo_convert_7f762b94-0834-4015-be68-b7c2adf5d1d9_12_EE532D02;/Game/Resources/Environments/Props/AbandonedSchool/School_Classroom_Music_Prop/tripo_convert_7f762b94-0834-4015-be68-b7c2adf5d1d9_13_F013F219;/Game/Resources/Environments/Props/AbandonedSchool/School_Classroom_Music_Prop/tripo_convert_7f762b94-0834-4015-be68-b7c2adf5d1d9_14_FC64DDEE;/Game/Resources/Environments/Props/AbandonedSchool/School_Classroom_Music_Prop/tripo_convert_7f762b94-0834-4015-be68-b7c2adf5d1d9_15_ED6C6113;/Game/Resources/Environments/Props/AbandonedSchool/School_Classroom_Music_Prop/tripo_convert_7f762b94-0834-4015-be68-b7c2adf5d1d9_17_DA0AB26C;/Game/Resources/Environments/Props/AbandonedSchool/School_Classroom_Music_Prop/tripo_convert_7f762b94-0834-4015-be68-b7c2adf5d1d9_18_75014C0E;/Game/Resources/Environments/Props/AbandonedSchool/School_Classroom_Music_Prop/tripo_convert_7f762b94-0834-4015-be68-b7c2adf5d1d9_19_4BFB0C70;/Game/Resources/Environments/Props/AbandonedSchool/School_Classroom_Music_Prop/tripo_convert_7f762b94-0834-4015-be68-b7c2adf5d1d9_1_8064A70E;/Game/Resources/Environments/Props/AbandonedSchool/School_Classroom_Music_Prop/tripo_convert_7f762b94-0834-4015-be68-b7c2adf5d1d9_22_98B83540;/Game/Resources/Environments/Props/AbandonedSchool/School_Classroom_Music_Prop/tripo_convert_7f762b94-0834-4015-be68-b7c2adf5d1d9_23_8723844E;/Game/Resources/Environments/Props/AbandonedSchool/School_Classroom_Music_Prop/tripo_convert_7f762b94-0834-4015-be68-b7c2adf5d1d9_24_66E429AD;/Game/Resources/Environments/Props/AbandonedSchool/School_Classroom_Music_Prop/tripo_convert_7f762b94-0834-4015-be68-b7c2adf5d1d9_27_A6C555F6;/Game/Resources/Environments/Props/AbandonedSchool/School_Classroom_Music_Prop/tripo_convert_7f762b94-0834-4015-be68-b7c2adf5d1d9_28_FFE4018A;/Game/Resources/Environments/Props/AbandonedSchool/School_Classroom_Music_Prop/tripo_mat_7f762b94
C0003,6,59830514,/Game/Resources/Environments/Props/Common/SM_Mushroom/SM_Mushroom,/Game/Blueprints/Actor/Common/BP_Mushroom;/Game/Resources/Environments/Props/Common/SM_Mushroom/MI_Mushroom;/Game/Resources/Environments/Props/Common/SM_Mushroom/SM_Mushroom;/Game/Resources/Environments/Props/Common/SM_Mushroom/T_Mushroom;/Game/Resources/Environments/Props/Common/SM_Mushroom/T_Mushroom_Emission;/Game/Resources/Environments/Props/Common/SM_Mushroom/T_Mushroom_Normal
C0004,6,45814369,/Game/Resources/Environments/Props/AbandonedSchool/SM_Stalactite/SM_Stalactite,/Game/Blueprints/Actor/AbandonedSchool/BP_Stalactite;/Game/Resources/Environments/Props/AbandonedSchool/SM_Stalactite/MI_Stalactite;/Game/Resources/Environments/Props/AbandonedSchool/SM_Stalactite/SM_Stalactite;/Game/Resources/Environments/Props/AbandonedSchool/SM_Stalactite/T_Stalactite;/Game/Resources/Environments/Props/AbandonedSchool/SM_Stalactite/T_Stalactite_Emission;/Game/Resources/Environments/Props/AbandonedSchool/SM_Stalactite/T_Stalactite_Normal
C0005,6,35997119,/Game/Resources/Environments/Props/Common/SM_Beanstalk/SM_Beanstalk,/Game/Blueprints/Actor/Common/BP_BeanStalk;/Game/Resources/Environments/Props/Common/SM_Beanstalk/MI_Beanstalk;/Game/Resources/Environments/Props/Common/SM_Beanstalk/SM_Beanstalk;/Game/Resources/Environments/Props/Common/SM_Beanstalk/T_Beanstalk;/Game/Resources/Environments/Props/Common/SM_Beanstalk/T_Beanstalk_Emission;/Game/Resources/Environments/Props/Common/SM_Beanstalk/T_Beanstalk_Normal
C0006,2,26652516,/Game/Resources/Environments/Props/AbandonedSchool/Clock_Tower_Prop/SM_AbandonedSchool_ClockTower_SpiralStair,/Game/Resources/Environments/Props/AbandonedSchool/Clock_Tower_Prop/Clock_Tower_Prop_B_4_4AC5F0C4;/Game/Resources/Environments/Props/AbandonedSchool/Clock_Tower_Prop/SM_AbandonedSchool_ClockTower_SpiralStair
C0007,2,24474206,/Game/Resources/Environments/Props/AbandonedSchool/Clock_Tower_Prop/SM_AbandonedSchool_ClockTower_MachineB,/Game/Resources/Environments/Props/AbandonedSchool/Clock_Tower_Prop/Clock_Tower_Prop_B_6_B7A70F49;/Game/Resources/Environments/Props/AbandonedSchool/Clock_Tower_Prop/SM_AbandonedSchool_ClockTower_MachineB
C0008,1,21618117,/Game/Resources/Environments/Props/Common/Red_Brick_Wall/T_Red_Brick_Wall_Basecolor,/Game/Resources/Environments/Props/Common/Red_Brick_Wall/T_Red_Brick_Wall_Basecolor
C0009,7,19023635,/Game/Resources/Environments/Props/AbandonedSchool/School_Classroom_Prop/T_School_Classroom_Prop_A_Normal,/Game/Levels/_GENERATED/User/Merge_A85996E0;/Game/Resources/Environments/Props/AbandonedSchool/School_Classroom_Prop/MI_School_Classroom_Prop_A;/Game/Resources/Environments/Props/AbandonedSchool/School_Classroom_Prop/SM_AbandonedSchool_Classroom_Prop_Computer;/Game/Resources/Environments/Props/AbandonedSchool/School_Classroom_Prop/T_School_Classroom_Prop_A_BaseColor;/Game/Resources/Environments/Props/AbandonedSchool/School_Classroom_Prop/T_School_Classroom_Prop_A_Emissive;/Game/Resources/Environments/Props/AbandonedSchool/School_Classroom_Prop/T_School_Classroom_Prop_A_Normal;/Game/Resources/Environments/Props/AbandonedSchool/School_Classroom_Prop/T_School_Classroom_Prop_A_Roughness
C0010,6,18148475,/Game/Resources/Environments/Props/AbandonedSchool/SM_Sword_Stuck_At_Ground/T_Sword_Stuck_At_Ground_Normal,/Game/Blueprints/Actor/AbandonedSchool/BP_Sword_Stuck_At_Ground;/Game/Resources/Environments/Props/AbandonedSchool/SM_Sword_Stuck_At_Ground/MI_Sword_Stuck_At_Ground;/Game/Resources/Environments/Props/AbandonedSchool/SM_Sword_Stuck_At_Ground/SM_Sword_Stuck_At_Ground;/Game/Resources/Environments/Props/AbandonedSchool/SM_Sword_Stuck_At_Ground/T_Sword_Stuck_At_Ground;/Game/Resources/Environments/Props/AbandonedSchool/SM_Sword_Stuck_At_Ground/T_Sword_Stuck_At_Ground_Emission;/Game/Resources/Environments/Props/AbandonedSchool/SM_Sword_Stuck_At_Ground/T_Sword_Stuck_At_Ground_Normal
C0011,2,15654853,/Game/LuosCaves/Sounds/S_Credits_Loop2,/Game/LuosCaves/Sounds/S_Credits_Loop2;/Game/LuosCaves/Sounds/S_Interest_Mix_Cue
C0012,1,14712361,/Game/Resources/Environments/Props/Common/Red_Brick_Wall/T_Red_Brick_Wall_Normal,/Game/Resources/Environments/Props/Common/Red_Brick_Wall/T_Red_Brick_Wall_Normal
C0013,3,14176561,/Game/Resources/Environments/Items/Bicycle/obj10,/Game/Resources/Environments/Items/Bicycle/obj10;/Game/Resources/Environments/Items/Bicycle/obj10_PhysicsAsset;/Game/Resources/Environments/Items/Bicycle/obj10_Skeleton
C0014,6,13548747,/Game/Resources/Environments/Props/StartIsland/Tree/T_Tree_Normal_A,/Game/Blueprints/Actor/StartIsland/SMF_Tree;/Game/Resources/Environments/Props/StartIsland/Tree/MI_Tree_Normal_A;/Game/Resources/Environments/Props/StartIsland/Tree/SM_Tree_Normal_A;/Game/Resources/Environments/Props/StartIsland/Tree/T_Tree_Normal_A;/Game/Resources/Environments/Props/StartIsland/Tree/T_Tree_Normal_A_Normal;/Game/Resources/Environments/Props/StartIsland/Tree/T_Tree_Normal_A_Roughness
C0015,3,13234077,/Game/Resources/Environments/Items/Bicycle/obj20,/Game/Resources/Environments/Items/Bicycle/obj20;/Game/Resources/Environments/Items/Bicycle/obj20_PhysicsAsset;/Game/Resources/Environments/Items/Bicycle/obj20_Skeleton
C0016,3,5530239,/Game/Resources/Environments/Items/Bicycle/obj21,/Game/Resources/Environments/Items/Bicycle/obj21;/Game/Resources/Environments/Items/Bicycle/obj21_PhysicsAsset;/Game/Resources/Environments/Items/Bicycle/obj21_Skeleton
C0017,1,4363501,/Game/Resources/Common/Textures/T_Metal041A_1K_NormalDX,/Game/Resources/Common/Textures/T_Metal041A_1K_NormalDX
C0018,3,4250660,/Game/Resources/Environments/Items/Bicycle/obj11,/Game/Resources/Environments/Items/Bicycle/obj11;/Game/Resources/Environments/Items/Bicycle/obj11_PhysicsAsset;/Game/Resources/Environments/Items/Bicycle/obj11_Skeleton
C0019,3,3431649,/Game/Resources/Environments/Items/Bicycle/obj28,/Game/Resources/Environments/Items/Bicycle/obj28;/Game/Resources/Environments/Items/Bicycle/obj28_PhysicsAsset;/Game/Resources/Environments/Items/Bicycle/obj28_Skeleton
C0020,3,3054678,/Game/Resources/Environments/Items/Bicycle/obj14,/Game/Resources/Environments/Items/Bicycle/obj14;/Game/Resources/Environments/Items/Bicycle/obj14_PhysicsAsset;/Game/Resources/Environments/Items/Bicycle/obj14_Skeleton
C0021,3,3053585,/Game/Resources/Environments/Items/Bicycle/obj17,/Game/Resources/Environments/Items/Bicycle/obj17;/Game/Resources/Environments/Items/Bicycle/obj17_PhysicsAsset;/Game/Resources/Environments/Items/Bicycle/obj17_Skeleton
C0022,2,2997546,/Game/Resources/Environments/Props/AbandonedSchool/Clock_Tower_Prop/SM_AbandonedSchool_ClockTower_Pillar,/Game/Resources/Environments/Props/AbandonedSchool/Clock_Tower_Prop/Clock_Tower_Prop_B_5_025BA01C;/Game/Resources/Environments/Props/AbandonedSchool/Clock_Tower_Prop/SM_AbandonedSchool_ClockTower_Pillar
C0023,2,2883951,/Game/Resources/Environments/Props/AbandonedSchool/Clock_Tower_Prop/SM_AbandonedSchool_ClockTower_GearAxisA,/Game/Resources/Environments/Props/AbandonedSchool/Clock_Tower_Prop/Clock_Tower_Prop_B_11_D8D8A5DE;/Game/Resources/Environments/Props/AbandonedSchool/Clock_Tower_Prop/SM_AbandonedSchool_ClockTower_GearAxisA
C0024,2,2622903,/Game/Resources/Environments/Props/AbandonedSchool/Clock_Tower_Prop/SM_AbandonedSchool_ClockTower_RailStair,/Game/Resources/Environments/Props/AbandonedSchool/Clock_Tower_Prop/Clock_Tower_Prop_B_10_1AF4402E;/Game/Resources/Environments/Props/AbandonedSchool/Clock_Tower_Prop/SM_AbandonedSchool_ClockTower_RailStair
C0025,3,2395132,/Game/Resources/Environments/Items/Bicycle/obj9,/Game/Resources/Environments/Items/Bicycle/obj9;/Game/Resources/Environments/Items/Bicycle/obj9_PhysicsAsset;/Game/Resources/Environments/Items/Bicycle/obj9_Skeleton
C0026,1,2375307,/Game/Resources/Environments/Props/Common/Red_Brick_Wall/T_Red_Brick_Wall_Roughness,/Game/Resources/Environments/Props/Common/Red_Brick_Wall/T_Red_Brick_Wall_Roughness
C0027,3,2239094,/Game/Resources/Environments/Items/Bicycle/obj40,/Game/Resources/Environments/Items/Bicycle/obj40;/Game/Resources/Environments/Items/Bicycle/obj40_PhysicsAsset;/Game/Resources/Environments/Items/Bicycle/obj40_Skeleton
C0028,2,1692324,/Game/Resources/Environments/Props/AbandonedSchool/Clock_Tower_Prop/SM_AbandonedSchool_ClockTower_RailA,/Game/Resources/Environments/Props/AbandonedSchool/Clock_Tower_Prop/Clock_Tower_Prop_B_0_C6B463C9;/Game/Resources/Environments/Props/AbandonedSchool/Clock_Tower_Prop/SM_AbandonedSchool_ClockTower_RailA
C0029,4,1640507,/Game/Resources/Environments/Props/StartIsland/SwimmingPool/T_Swimming_Pool_Tile_Plain_B,/Game/Levels/_GENERATED/User/Combined_DDF68B4E;/Game/Resources/Environments/Props/StartIsland/SwimmingPool/MI_Swimming_Pool_Stair;/Game/Resources/Environments/Props/StartIsland/SwimmingPool/SM_Swimming_Pool_Stair;/Game/Resources/Environments/Props/StartIsland/SwimmingPool/T_Swimming_Pool_Tile_Plain_B
C0030,3,1636463,/Game/Resources/Environments/Items/Bicycle/obj6,/Game/Resources/Environments/Items/Bicycle/obj6;/Game/Resources/Environments/Items/Bicycle/obj6_PhysicsAsset;/Game/Resources/Environments/Items/Bicycle/obj6_Skeleton
C0031,3,1369275,/Game/Resources/Environments/Items/Bicycle/obj12,/Game/Resources/Environments/Items/Bicycle/obj12;/Game/Resources/Environments/Items/Bicycle/obj12_PhysicsAsset;/Game/Resources/Environments/Items/Bicycle/obj12_Skeleton
C0032,3,1343071,/Game/Resources/Environments/Items/Bicycle/obj29,/Game/Resources/Environments/Items/Bicycle/obj29;/Game/Resources/Environments/Items/Bicycle/obj29_PhysicsAsset;/Game/Resources/Environments/Items/Bicycle/obj29_Skeleton
C0033,3,1279757,/Game/Resources/Environments/Items/Bicycle/obj3,/Game/Resources/Environments/Items/Bicycle/obj3;/Game/Resources/Environments/Items/Bicycle/obj3_PhysicsAsset;/Game/Resources/Environments/Items/Bicycle/obj3_Skeleton
C0034,3,1278696,/Game/Resources/Environments/Items/Bicycle/obj5,/Game/Resources/Environments/Items/Bicycle/obj5;/Game/Resources/Environments/Items/Bicycle/obj5_PhysicsAsset;/Game/Resources/Environments/Items/Bicycle/obj5_Skeleton
C0035,3,1257752,/Game/Resources/Environments/Items/Bicycle/obj7,/Game/Resources/Environments/Items/Bicycle/obj7;/Game/Resources/Environments/Items/Bicycle/obj7_PhysicsAsset;/Game/Resources/Environments/Items/Bicycle/obj7_Skeleton
C0036,3,1228748,/Game/Resources/Environments/Items/Bicycle/obj8,/Game/Resources/Environments/Items/Bicycle/obj8;/Game/Resources/Environments/Items/Bicycle/obj8_PhysicsAsset;/Game/Resources/Environments/Items/Bicycle/obj8_Skeleton
C0037,2,1209619,/Game/Resources/Environments/Props/AbandonedSchool/Clock_Tower_Prop/SM_AbandonedSchool_ClockTower_BoxFrame,/Game/Resources/Environments/Props/AbandonedSchool/Clock_Tower_Prop/Clock_Tower_Prop_B_12_E041BBEA;/Game/Resources/Environments/Props/AbandonedSchool/Clock_Tower_Prop/SM_AbandonedSchool_ClockTower_BoxFrame
C0038,2,1094177,/Game/Resources/Environments/Props/AbandonedSchool/Clock_Tower_Prop/SM_AbandonedSchool_ClockTower_RailB,/Game/Resources/Environments/Props/AbandonedSchool/Clock_Tower_Prop/Clock_Tower_Prop_B_1_F2C465EE;/Game/Resources/Environments/Props/AbandonedSchool/Clock_Tower_Prop/SM_AbandonedSchool_ClockTower_RailB
C0039,1,974554,/Game/Resources/Common/Textures/T_Wood_009_Mahogany_NORM,/Game/Resources/Common/Textures/T_Wood_009_Mahogany_NORM
C0040,3,887118,/Game/Resources/Environments/Items/Bicycle/obj4,/Game/Resources/Environments/Items/Bicycle/obj4;/Game/Resources/Environments/Items/Bicycle/obj4_PhysicsAsset;/Game/Resources/Environments/Items/Bicycle/obj4_Skeleton
C0041,3,734161,/Game/Resources/Environments/Items/Bicycle/obj13,/Game/Resources/Environments/Items/Bicycle/obj13;/Game/Resources/Environments/Items/Bicycle/obj13_PhysicsAsset;/Game/Resources/Environments/Items/Bicycle/obj13_Skeleton
C0042,3,705062,/Game/Resources/Environments/Items/Bicycle/obj42,/Game/Resources/Environments/Items/Bicycle/obj42;/Game/Resources/Environments/Items/Bicycle/obj42_PhysicsAsset;/Game/Resources/Environments/Items/Bicycle/obj42_Skeleton
C0043,3,662758,/Game/Resources/Environments/Items/Bicycle/obj34,/Game/Resources/Environments/Items/Bicycle/obj34;/Game/Resources/Environments/Items/Bicycle/obj34_PhysicsAsset;/Game/Resources/Environments/Items/Bicycle/obj34_Skeleton
C0044,3,652500,/Game/Resources/Environments/Items/Bicycle/obj39,/Game/Resources/Environments/Items/Bicycle/obj39;/Game/Resources/Environments/Items/Bicycle/obj39_PhysicsAsset;/Game/Resources/Environments/Items/Bicycle/obj39_Skeleton
C0045,3,634614,/Game/Resources/Environments/Items/Bicycle/obj18,/Game/Resources/Environments/Items/Bicycle/obj18;/Game/Resources/Environments/Items/Bicycle/obj18_PhysicsAsset;/Game/Resources/Environments/Items/Bicycle/obj18_Skeleton
C0046,3,586293,/Game/Resources/Environments/Items/Bicycle/obj16,/Game/Resources/Environments/Items/Bicycle/obj16;/Game/Resources/Environments/Items/Bicycle/obj16_PhysicsAsset;/Game/Resources/Environments/Items/Bicycle/obj16_Skeleton
C0047,3,571760,/Game/Resources/Environments/Items/Bicycle/obj2,/Game/Resources/Environments/Items/Bicycle/obj2;/Game/Resources/Environments/Items/Bicycle/obj2_PhysicsAsset;/Game/Resources/Environments/Items/Bicycle/obj2_Skeleton
C0048,3,555010,/Game/Resources/Environments/Items/Bicycle/obj30,/Game/Resources/Environments/Items/Bicycle/obj30;/Game/Resources/Environments/Items/Bicycle/obj30_PhysicsAsset;/Game/Resources/Environments/Items/Bicycle/obj30_Skeleton
C0049,3,550623,/Game/Resources/Environments/Items/Bicycle/obj36,/Game/Resources/Environments/Items/Bicycle/obj36;/Game/Resources/Environments/Items/Bicycle/obj36_PhysicsAsset;/Game/Resources/Environments/Items/Bicycle/obj36_Skeleton
C0050,3,546602,/Game/Resources/Environments/Items/Bicycle/obj26,/Game/Resources/Environments/Items/Bicycle/obj26;/Game/Resources/Environments/Items/Bicycle/obj26_PhysicsAsset;/Game/Resources/Environments/Items/Bicycle/obj26_Skeleton
C0051,3,543943,/Game/Resources/Environments/Items/Bicycle/obj37,/Game/Resources/Environments/Items/Bicycle/obj37;/Game/Resources/Environments/Items/Bicycle/obj37_PhysicsAsset;/Game/Resources/Environments/Items/Bicycle/obj37_Skeleton
C0052,3,536039,/Game/Resources/Environments/Items/Bicycle/obj25,/Game/Resources/Environments/Items/Bicycle/obj25;/Game/Resources/Environments/Items/Bicycle/obj25_PhysicsAsset;/Game/Resources/Environments/Items/Bicycle/obj25_Skeleton
C0053,3,523712,/Game/Resources/Environments/Items/Bicycle/obj23,/Game/Resources/Environments/Items/Bicycle/obj23;/Game/Resources/Environments/Items/Bicycle/obj23_PhysicsAsset;/Game/Resources/Environments/Items/Bicycle/obj23_Skeleton
C0054,3,517470,/Game/Resources/Environments/Items/Bicycle/obj31,/Game/Resources/Environments/Items/Bicycle/obj31;/Game/Resources/Environments/Items/Bicycle/obj31_PhysicsAsset;/Game/Resources/Environments/Items/Bicycle/obj31_Skeleton
C0055,3,516640,/Game/Resources/Environments/Items/Bicycle/obj32,/Game/Resources/Environments/Items/Bicycle/obj32;/Game/Resources/Environments/Items/Bicycle/obj32_PhysicsAsset;/Game/Resources/Environments/Items/Bicycle/obj32_Skeleton
C0056,1,507098,/Game/Blueprints/Actor/Common/BP_BattleZone_GateAuto,/Game/Blueprints/Actor/Common/BP_BattleZone_GateAuto
C0057,1,456644,/Game/Resources/Common/Textures/T_Metal041A_1K_Roughness,/Game/Resources/Common/Textures/T_Metal041A_1K_Roughness
C0058,3,439997,/Game/Resources/Environments/Items/Bicycle/obj35,/Game/Resources/Environments/Items/Bicycle/obj35;/Game/Resources/Environments/Items/Bicycle/obj35_PhysicsAsset;/Game/Resources/Environments/Items/Bicycle/obj35_Skeleton
C0059,3,423525,/Game/Resources/Environments/Items/Bicycle/obj24,/Game/Resources/Environments/Items/Bicycle/obj24;/Game/Resources/Environments/Items/Bicycle/obj24_PhysicsAsset;/Game/Resources/Environments/Items/Bicycle/obj24_Skeleton
C0060,3,422408,/Game/Resources/Environments/Items/Bicycle/obj41,/Game/Resources/Environments/Items/Bicycle/obj41;/Game/Resources/Environments/Items/Bicycle/obj41_PhysicsAsset;/Game/Resources/Environments/Items/Bicycle/obj41_Skeleton
C0061,3,418559,/Game/Resources/Environments/Items/Bicycle/obj15,/Game/Resources/Environments/Items/Bicycle/obj15;/Game/Resources/Environments/Items/Bicycle/obj15_PhysicsAsset;/Game/Resources/Environments/Items/Bicycle/obj15_Skeleton
C0062,3,399991,/Game/Resources/Environments/Items/Bicycle/obj19,/Game/Resources/Environments/Items/Bicycle/obj19;/Game/Resources/Environments/Items/Bicycle/obj19_PhysicsAsset;/Game/Resources/Environments/Items/Bicycle/obj19_Skeleton
C0063,3,346932,/Game/Resources/Environments/Items/Bicycle/obj43,/Game/Resources/Environments/Items/Bicycle/obj43;/Game/Resources/Environments/Items/Bicycle/obj43_PhysicsAsset;/Game/Resources/Environments/Items/Bicycle/obj43_Skeleton
C0064,3,329440,/Game/Resources/Environments/Items/Bicycle/obj38,/Game/Resources/Environments/Items/Bicycle/obj38;/Game/Resources/Environments/Items/Bicycle/obj38_PhysicsAsset;/Game/Resources/Environments/Items/Bicycle/obj38_Skeleton
C0065,3,256722,/Game/Resources/Environments/Items/Bicycle/obj27,/Game/Resources/Environments/Items/Bicycle/obj27;/Game/Resources/Environments/Items/Bicycle/obj27_PhysicsAsset;/Game/Resources/Environments/Items/Bicycle/obj27_Skeleton
C0066,3,237770,/Game/Resources/Environments/Items/Bicycle/obj22,/Game/Resources/Environments/Items/Bicycle/obj22;/Game/Resources/Environments/Items/Bicycle/obj22_PhysicsAsset;/Game/Resources/Environments/Items/Bicycle/obj22_Skeleton
C0067,3,209040,/Game/Blueprints/Actor/Common/BP_DynamicBaseShape,/Game/Blueprints/Actor/Common/BP_DynamicBaseShape;/Game/Blueprints/Actor/Common/BP_DynamicBox;/Game/Blueprints/Actor/Common/BP_DynamicCylinder
C0068,1,194918,/Game/Art/ClockTowerRoof/SM_CTR_ClosedCylinderMachineGear,/Game/Art/ClockTowerRoof/SM_CTR_ClosedCylinderMachineGear
C0069,1,189349,/Game/PCG/OpenWorld/PCG_Foliage_Main,/Game/PCG/OpenWorld/PCG_Foliage_Main
C0070,1,173000,/Game/Art/ClockTowerRoof/SM_CTR_MachinePart1,/Game/Art/ClockTowerRoof/SM_CTR_MachinePart1
C0071,1,171197,/Game/Art/ClockTowerRoof/SM_CTR_MachinePart2,/Game/Art/ClockTowerRoof/SM_CTR_MachinePart2
C0072,1,169120,/Game/Art/ClockTowerRoof/Backup_BP_Clock_Tower_Machine,/Game/Art/ClockTowerRoof/Backup_BP_Clock_Tower_Machine
C0073,1,155031,/Game/Resources/Characters/NPC/Skeleton/Skeleton_Anim,/Game/Resources/Characters/NPC/Skeleton/Skeleton_Anim
C0074,1,150865,/Game/Blueprints/System/BP_Spline_Static,/Game/Blueprints/System/BP_Spline_Static
C0075,1,132021,/Game/Blueprints/Actor/Common/BP_DynamicSpiralStair,/Game/Blueprints/Actor/Common/BP_DynamicSpiralStair
C0076,1,123361,/Game/Blueprints/Actor/Common/BP_DynamicSpiralWall,/Game/Blueprints/Actor/Common/BP_DynamicSpiralWall
C0077,1,115196,/Game/Art/ClockTowerRoof/SM_CTR_MachinePart3,/Game/Art/ClockTowerRoof/SM_CTR_MachinePart3
C0078,2,108552,/Game/Blueprints/System/ActorComponent/Ac_SlimeMove,/Game/Blueprints/System/ActorComponent/Ac_SlimeMove;/Game/Blueprints/System/ActorComponent/Ac_WallMove
C0079,3,107092,/Game/Resources/Environments/Items/Bicycle/obj33,/Game/Resources/Environments/Items/Bicycle/obj33;/Game/Resources/Environments/Items/Bicycle/obj33_PhysicsAsset;/Game/Resources/Environments/Items/Bicycle/obj33_Skeleton
C0080,1,106411,/Game/Art/ClockTowerRoof/SM_CTR_MachinePart4,/Game/Art/ClockTowerRoof/SM_CTR_MachinePart4
C0081,1,99402,/Game/Art/ClockTowerRoof/SM_CTR_MachinePart5,/Game/Art/ClockTowerRoof/SM_CTR_MachinePart5
C0082,1,98152,/Game/Art/ClockTowerRoof/SM_CTR_MachinePart6,/Game/Art/ClockTowerRoof/SM_CTR_MachinePart6
C0083,1,47008,/Game/LuosCaves/BluePrints/BP_CameraChanger,/Game/LuosCaves/BluePrints/BP_CameraChanger
C0084,2,35881,/Game/Resources/Characters/Monster/Slime_Normal/Animation/AS_Slime_Jump,/Game/Resources/Characters/Monster/Slime_Normal/Animation/AM_Slime_Jump;/Game/Resources/Characters/Monster/Slime_Normal/Animation/AS_Slime_Jump
C0085,1,27746,/Game/Resources/LevelSequence/Slime_LevelSequence,/Game/Resources/LevelSequence/Slime_LevelSequence
C0086,1,23492,/Game/LuosCaves/BluePrints/BP_CamRoto,/Game/LuosCaves/BluePrints/BP_CamRoto
C0087,1,23444,/Game/Resources/Characters/Monster/Slime_Normal/SKM_Slime_Normal_CtrlRig,/Game/Resources/Characters/Monster/Slime_Normal/SKM_Slime_Normal_CtrlRig
C0088,1,16388,/Game/Resources/Environments/Architecture/Dummy/SM_Dummy_Cone_Large,/Game/Resources/Environments/Architecture/Dummy/SM_Dummy_Cone_Large
C0089,1,14605,/Game/LuosCaves/Sounds/S_Footsteps_Metal_Cue,/Game/LuosCaves/Sounds/S_Footsteps_Metal_Cue
C0090,2,13946,/Game/Data/ST_DynamicMeshData,/Game/Blueprints/System/Enum/E_DynamicMeshType;/Game/Data/ST_DynamicMeshData
C0091,1,12666,/Game/LuosCaves/Sounds/S_Footsteps_Gravel_Cue,/Game/LuosCaves/Sounds/S_Footsteps_Gravel_Cue
C0092,1,9245,/Game/Blueprints/Interface/BPI_CharacterState,/Game/Blueprints/Interface/BPI_CharacterState
C0093,1,8956,/Game/Resources/Characters/Monster/Slime_Normal/Animation/AM_Slime_Move,/Game/Resources/Characters/Monster/Slime_Normal/Animation/AM_Slime_Move
C0094,1,8932,/Game/Resources/Characters/Monster/Slime_Normal/Animation/AM_Slime_Idle,/Game/Resources/Characters/Monster/Slime_Normal/Animation/AM_Slime_Idle
C0095,1,8460,/Game/Resources/Characters/Monster/Slime_Normal/Animation/AM_Slime_Dead,/Game/Resources/Characters/Monster/Slime_Normal/Animation/AM_Slime_Dead
C0096,1,4489,/Game/Landscape/StylizedGrassByMayu/RoundedGrass/LandscapeGrassType/LGT_RoundedGrass,/Game/Landscape/StylizedGrassByMayu/RoundedGrass/LandscapeGrassType/LGT_RoundedGrass
C0097,1,4463,/Game/Landscape/StylizedGrassByMayu/Grass_01/LandscapeGrassType/LGT_Grass_01,/Game/Landscape/StylizedGrassByMayu/Grass_01/LandscapeGrassType/LGT_Grass_01
C0098,1,4164,/Game/Blueprints/System/FBXPipelineCharacter,/Game/Blueprints/System/FBXPipelineCharacter
C0099,2,3138,/Game/Landscape/Stylized_PBR_Nature/Foliage/FoliageTypes/SM_Common_Tree_01_FoliageType,/Game/Landscape/Foilage/SM_Common_Tree_01_FoliageType;/Game/Landscape/Stylized_PBR_Nature/Foliage/FoliageTypes/SM_Common_Tree_01_FoliageType
C0100,2,3138,/Game/Landscape/Stylized_PBR_Nature/Foliage/FoliageTypes/SM_Common_Tree_02_FoliageType,/Game/Landscape/Foilage/SM_Common_Tree_02_FoliageType;/Game/Landscape/Stylized_PBR_Nature/Foliage/FoliageTypes/SM_Common_Tree_02_FoliageType
C0101,2,3138,/Game/Landscape/Stylized_PBR_Nature/Foliage/FoliageTypes/SM_Common_Tree_03_FoliageType,/Game/Landscape/Foilage/SM_Common_Tree_03_FoliageType;/Game/Landscape/Stylized_PBR_Nature/Foliage/FoliageTypes/SM_Common_Tree_03_FoliageType
C0102,2,3138,/Game/Landscape/Stylized_PBR_Nature/Foliage/FoliageTypes/SM_Common_Tree_04_FoliageType,/Game/Landscape/Foilage/SM_Common_Tree_04_FoliageType;/Game/Landscape/Stylized_PBR_Nature/Foliage/FoliageTypes/SM_Common_Tree_04_FoliageType
C0103,2,3138,/Game/Landscape/Stylized_PBR_Nature/Foliage/FoliageTypes/SM_Common_Tree_05_FoliageType,/Game/Landscape/Foilage/SM_Common_Tree_05_FoliageType;/Game/Landscape/Stylized_PBR_Nature/Foliage/FoliageTypes/SM_Common_Tree_05_FoliageType
C0104,2,3138,/Game/Landscape/Stylized_PBR_Nature/Foliage/FoliageTypes/SM_Common_Tree_06_FoliageType,/Game/Landscape/Foilage/SM_Common_Tree_06_FoliageType;/Game/Landscape/Stylized_PBR_Nature/Foliage/FoliageTypes/SM_Common_Tree_06_FoliageType
C0105,2,3138,/Game/Landscape/Stylized_PBR_Nature/Foliage/FoliageTypes/SM_Common_Tree_07_FoliageType,/Game/Landscape/Foilage/SM_Common_Tree_07_FoliageType;/Game/Landscape/Stylized_PBR_Nature/Foliage/FoliageTypes/SM_Common_Tree_07_FoliageType
C0106,2,3138,/Game/Landscape/Stylized_PBR_Nature/Foliage/FoliageTypes/SM_Common_Tree_08_FoliageType,/Game/Landscape/Foilage/SM_Common_Tree_08_FoliageType;/Game/Landscape/Stylized_PBR_Nature/Foliage/FoliageTypes/SM_Common_Tree_08_FoliageType
C0107,2,3138,/Game/Landscape/Stylized_PBR_Nature/Foliage/FoliageTypes/SM_Common_Tree_09_FoliageType,/Game/Landscape/Foilage/SM_Common_Tree_09_FoliageType;/Game/Landscape/Stylized_PBR_Nature/Foliage/FoliageTypes/SM_Common_Tree_09_FoliageType
C0108,2,3138,/Game/Landscape/Stylized_PBR_Nature/Foliage/FoliageTypes/SM_Common_Tree_10_FoliageType,/Game/Landscape/Foilage/SM_Common_Tree_10_FoliageType;/Game/Landscape/Stylized_PBR_Nature/Foliage/FoliageTypes/SM_Common_Tree_10_FoliageType
C0109,2,3138,/Game/Landscape/Stylized_PBR_Nature/Foliage/FoliageTypes/SM_Common_Tree_11_FoliageType,/Game/Landscape/Foilage/SM_Common_Tree_11_FoliageType;/Game/Landscape/Stylized_PBR_Nature/Foliage/FoliageTypes/SM_Common_Tree_11_FoliageType
C0110,2,3090,/Game/Landscape/Stylized_PBR_Nature/Foliage/FoliageTypes/SM_Pine_Tree_1_FoliageType,/Game/Landscape/Foilage/SM_Pine_Tree_1_FoliageType;/Game/Landscape/Stylized_PBR_Nature/Foliage/FoliageTypes/SM_Pine_Tree_1_FoliageType
C0111,2,3090,/Game/Landscape/Stylized_PBR_Nature/Foliage/FoliageTypes/SM_Pine_Tree_2_FoliageType,/Game/Landscape/Foilage/SM_Pine_Tree_2_FoliageType;/Game/Landscape/Stylized_PBR_Nature/Foliage/FoliageTypes/SM_Pine_Tree_2_FoliageType
C0112,2,3090,/Game/Landscape/Stylized_PBR_Nature/Foliage/FoliageTypes/SM_Pine_Tree_3_FoliageType,/Game/Landscape/Foilage/SM_Pine_Tree_3_FoliageType;/Game/Landscape/Stylized_PBR_Nature/Foliage/FoliageTypes/SM_Pine_Tree_3_FoliageType
C0113,2,3090,/Game/Landscape/Stylized_PBR_Nature/Foliage/FoliageTypes/SM_Pine_Tree_4_FoliageType,/Game/Landscape/Foilage/SM_Pine_Tree_4_FoliageType;/Game/Landscape/Stylized_PBR_Nature/Foliage/FoliageTypes/SM_Pine_Tree_4_FoliageType
C0114,1,3057,/Game/LuosCaves/Sounds/S_Flashlight_Toggle_Cue,/Game/LuosCaves/Sounds/S_Flashlight_Toggle_Cue
C0115,1,3057,/Game/LuosCaves/Sounds/S_Floodlamps_Toggle_Cue,/Game/LuosCaves/Sounds/S_Floodlamps_Toggle_Cue
C0116,2,3054,/Game/Landscape/Stylized_PBR_Nature/Rocks/FoliageTypes/SM_R_Rock_01_FoliageType,/Game/Landscape/Foilage/SM_R_Rock_01_FoliageType;/Game/Landscape/Stylized_PBR_Nature/Rocks/FoliageTypes/SM_R_Rock_01_FoliageType
C0117,2,3054,/Game/Landscape/Stylized_PBR_Nature/Rocks/FoliageTypes/SM_R_Rock_02_FoliageType,/Game/Landscape/Foilage/SM_R_Rock_02_FoliageType;/Game/Landscape/Stylized_PBR_Nature/Rocks/FoliageTypes/SM_R_Rock_02_FoliageType
C0118,2,3054,/Game/Landscape/Stylized_PBR_Nature/Rocks/FoliageTypes/SM_R_Rock_03_FoliageType,/Game/Landscape/Foilage/SM_R_Rock_03_FoliageType;/Game/Landscape/Stylized_PBR_Nature/Rocks/FoliageTypes/SM_R_Rock_03_FoliageType
C0119,2,3054,/Game/Landscape/Stylized_PBR_Nature/Rocks/FoliageTypes/SM_R_Rock_04_FoliageType,/Game/Landscape/Foilage/SM_R_Rock_04_FoliageType;/Game/Landscape/Stylized_PBR_Nature/Rocks/FoliageTypes/SM_R_Rock_04_FoliageType
C0120,2,3054,/Game/Landscape/Stylized_PBR_Nature/Rocks/FoliageTypes/SM_R_Rock_05_FoliageType,/Game/Landscape/Foilage/SM_R_Rock_05_FoliageType;/Game/Landscape/Stylized_PBR_Nature/Rocks/FoliageTypes/SM_R_Rock_05_FoliageType
C0121,2,3054,/Game/Landscape/Stylized_PBR_Nature/Rocks/FoliageTypes/SM_S_Rock_01_FoliageType,/Game/Landscape/Foilage/SM_S_Rock_01_FoliageType;/Game/Landscape/Stylized_PBR_Nature/Rocks/FoliageTypes/SM_S_Rock_01_FoliageType
C0122,2,3054,/Game/Landscape/Stylized_PBR_Nature/Rocks/FoliageTypes/SM_S_Rock_02_FoliageType,/Game/Landscape/Foilage/SM_S_Rock_02_FoliageType;/Game/Landscape/Stylized_PBR_Nature/Rocks/FoliageTypes/SM_S_Rock_02_FoliageType
C0123,2,3054,/Game/Landscape/Stylized_PBR_Nature/Rocks/FoliageTypes/SM_S_Rock_03_FoliageType,/Game/Landscape/Foilage/SM_S_Rock_03_FoliageType;/Game/Landscape/Stylized_PBR_Nature/Rocks/FoliageTypes/SM_S_Rock_03_FoliageType
C0124,2,3054,/Game/Landscape/Stylized_PBR_Nature/Rocks/FoliageTypes/SM_S_Rock_04_FoliageType,/Game/Landscape/Foilage/SM_S_Rock_04_FoliageType;/Game/Landscape/Stylized_PBR_Nature/Rocks/FoliageTypes/SM_S_Rock_04_FoliageType
C0125,2,3054,/Game/Landscape/Stylized_PBR_Nature/Rocks/FoliageTypes/SM_S_Rock_05_FoliageType,/Game/Landscape/Foilage/SM_S_Rock_05_FoliageType;/Game/Landscape/Stylized_PBR_Nature/Rocks/FoliageTypes/SM_S_Rock_05_FoliageType
C0126,2,3054,/Game/Landscape/Stylized_PBR_Nature/Rocks/FoliageTypes/SM_S_Rock_06_FoliageType,/Game/Landscape/Foilage/SM_S_Rock_06_FoliageType;/Game/Landscape/Stylized_PBR_Nature/Rocks/FoliageTypes/SM_S_Rock_06_FoliageType
C0127,2,3054,/Game/Landscape/Stylized_PBR_Nature/Rocks/FoliageTypes/SM_S_Rock_07_FoliageType,/Game/Landscape/Foilage/SM_S_Rock_07_FoliageType;/Game/Landscape/Stylized_PBR_Nature/Rocks/FoliageTypes/SM_S_Rock_07_FoliageType
C0128,2,3054,/Game/Landscape/Stylized_PBR_Nature/Rocks/FoliageTypes/SM_S_Rock_08_FoliageType,/Game/Landscape/Foilage/SM_S_Rock_08_FoliageType;/Game/Landscape/Stylized_PBR_Nature/Rocks/FoliageTypes/SM_S_Rock_08_FoliageType
C0129,2,3054,/Game/Landscape/Stylized_PBR_Nature/Rocks/FoliageTypes/SM_S_Rock_09_FoliageType,/Game/Landscape/Foilage/SM_S_Rock_09_FoliageType;/Game/Landscape/Stylized_PBR_Nature/Rocks/FoliageTypes/SM_S_Rock_09_FoliageType
C0130,2,3054,/Game/Landscape/Stylized_PBR_Nature/Rocks/FoliageTypes/SM_S_Rock_10_FoliageType,/Game/Landscape/Foilage/SM_S_Rock_10_FoliageType;/Game/Landscape/Stylized_PBR_Nature/Rocks/FoliageTypes/SM_S_Rock_10_FoliageType
C0131,2,3054,/Game/Landscape/Stylized_PBR_Nature/Rocks/FoliageTypes/SM_S_Rock_11_FoliageType,/Game/Landscape/Foilage/SM_S_Rock_11_FoliageType;/Game/Landscape/Stylized_PBR_Nature/Rocks/FoliageTypes/SM_S_Rock_11_FoliageType
C0132,2,3036,/Game/Landscape/Stylized_PBR_Nature/Foliage/FoliageTypes/SM_Clover_FoliageType,/Game/Landscape/Foilage/SM_Clover_FoliageType;/Game/Landscape/Stylized_PBR_Nature/Foliage/FoliageTypes/SM_Clover_FoliageType
C0133,2,3020,/Game/Landscape/Stylized_PBR_Nature/Foliage/FoliageTypes/SM_Grass_FoliageType,/Game/Landscape/Foilage/SM_Grass_FoliageType;/Game/Landscape/Stylized_PBR_Nature/Foliage/FoliageTypes/SM_Grass_FoliageType
C0134,2,3004,/Game/Landscape/Stylized_PBR_Nature/Foliage/FoliageTypes/SM_Bush_FoliageType,/Game/Landscape/Foilage/SM_Bush_FoliageType;/Game/Landscape/Stylized_PBR_Nature/Foliage/FoliageTypes/SM_Bush_FoliageType
C0135,2,3004,/Game/Landscape/Stylized_PBR_Nature/Foliage/FoliageTypes/SM_Fern_FoliageType,/Game/Landscape/Foilage/SM_Fern_FoliageType;/Game/Landscape/Stylized_PBR_Nature/Foliage/FoliageTypes/SM_Fern_FoliageType
C0136,1,2668,/Game/Blueprints/Actor/AbandonedSchool/BP_School_Locker_Half,/Game/Blueprints/Actor/AbandonedSchool/BP_School_Locker_Half
C0137,1,2491,/Game/Blueprints/Character/Monster/AI/AIC_Monster,/Game/Blueprints/Character/Monster/AI/AIC_Monster
C0138,1,2447,/Game/Blueprints/Actor/Common/BP_PhysicsSkeleton,/Game/Blueprints/Actor/Common/BP_PhysicsSkeleton
C0139,1,2425,/Game/Blueprints/Character/PC/BP_Player,/Game/Blueprints/Character/PC/BP_Player
C0140,1,1723,/Game/Resources/Environments/Props/AbandonedSchool/Clock_Tower_Prop/Clock_Tower_Prop_B_9_E0FF7E40,/Game/Resources/Environments/Props/AbandonedSchool/Clock_Tower_Prop/Clock_Tower_Prop_B_9_E0FF7E40
C0141,1,1707,/Game/Resources/Environments/Props/AbandonedSchool/Clock_Tower_Prop/Clock_Tower_Prop_B_2_2A26FDB7,/Game/Resources/Environments/Props/AbandonedSchool/Clock_Tower_Prop/Clock_Tower_Prop_B_2_2A26FDB7
C0142,1,1649,/Game/Resources/Environments/Architecture/Dummy/SM_School_Corridor_Dummy_Normal,/Game/Resources/Environments/Architecture/Dummy/SM_School_Corridor_Dummy_Normal
C0143,1,1649,/Game/Resources/LevelSequence/LS_AbandonedSchool_Checkpoint_Event,/Game/Resources/LevelSequence/LS_AbandonedSchool_Checkpoint_Event
C0144,1,1555,/Game/Resources/Environments/Props/AbandonedSchool/SM_Locker/SM_Locker_Door_Legacy,/Game/Resources/Environments/Props/AbandonedSchool/SM_Locker/SM_Locker_Door_Legacy
C0145,1,1466,/Game/Levels/_GENERATED/User/Boolean_5A073161,/Game/Levels/_GENERATED/User/Boolean_5A073161
C0146,1,1455,/Game/Resources/Environments/Props/StartIsland/Flag_Red/SM_Flag_Red,/Game/Resources/Environments/Props/StartIsland/Flag_Red/SM_Flag_Red
C0147,1,1420,/Game/Blueprints/Character/Monster/AI/BT_Monster,/Game/Blueprints/Character/Monster/AI/BT_Monster
C0148,1,1397,/Game/Blueprints/System/Data/ST_LevelSequenceOption,/Game/Blueprints/System/Data/ST_LevelSequenceOption
C0149,1,1381,/Game/Blueprints/System/Data/ST_LevelSequenceData,/Game/Blueprints/System/Data/ST_LevelSequenceData
