status,classification,package,classes,bytes,MiB,path,group,referencer_count,referencers,dependencies,text_evidence,external_owner,indexed_asset
orphan_external,부모 맵 없는 외부 액터·객체,/Game/__ExternalActors__/ThirdPerson/Maps/ThirdPersonMap/1/AZ/A7GPT109Y6ZTTJD4A7TXER,PostProcessVolume,10766,0.01,Content/__ExternalActors__/ThirdPerson/Maps/ThirdPersonMap/1/AZ/A7GPT109Y6ZTTJD4A7TXER.uasset,,0,,,dev/resource_audit.json,/Game/ThirdPerson/Maps/ThirdPersonMap,True
orphan_external,부모 맵 없는 외부 액터·객체,/Game/__ExternalActors__/ThirdPerson/Maps/ThirdPersonMap/4/PN/2QISIGK5DJNQ05US8O8FXW,StaticMeshActor,5015,0.005,Content/__ExternalActors__/ThirdPerson/Maps/ThirdPersonMap/4/PN/2QISIGK5DJNQ05US8O8FXW.uasset,,0,,,dev/resource_audit.json,/Game/ThirdPerson/Maps/ThirdPersonMap,True
orphan_external,부모 맵 없는 외부 액터·객체,/Game/__ExternalActors__/ThirdPerson/Maps/ThirdPersonMap/5/R1/TS5OQ5CRUWFZYL1ZQ7I416,DirectionalLight,4607,0.004,Content/__ExternalActors__/ThirdPerson/Maps/ThirdPersonMap/5/R1/TS5OQ5CRUWFZYL1ZQ7I416.uasset,,0,,,dev/resource_audit.json,/Game/ThirdPerson/Maps/ThirdPersonMap,True
orphan_external,부모 맵 없는 외부 액터·객체,/Game/__ExternalActors__/ThirdPerson/Maps/ThirdPersonMap/1/HL/XWFFRCIJ8QK4NRO30ALA6J,StaticMeshActor,4554,0.004,Content/__ExternalActors__/ThirdPerson/Maps/ThirdPersonMap/1/HL/XWFFRCIJ8QK4NRO30ALA6J.uasset,,0,,,dev/resource_audit.json,/Game/ThirdPerson/Maps/ThirdPersonMap,True
orphan_external,부모 맵 없는 외부 액터·객체,/Game/__ExternalActors__/ThirdPerson/Maps/ThirdPersonMap/5/7E/BEYC27T14FHBU6LF2F60RR,StaticMeshActor,4554,0.004,Content/__ExternalActors__/ThirdPerson/Maps/ThirdPersonMap/5/7E/BEYC27T14FHBU6LF2F60RR.uasset,,0,,,dev/resource_audit.json,/Game/ThirdPerson/Maps/ThirdPersonMap,True
orphan_external,부모 맵 없는 외부 액터·객체,/Game/__ExternalActors__/ThirdPerson/Maps/ThirdPersonMap/E/8O/GK06JAEJ82TQ0GA2QB0DJG,StaticMeshActor,4437,0.004,Content/__ExternalActors__/ThirdPerson/Maps/ThirdPersonMap/E/8O/GK06JAEJ82TQ0GA2QB0DJG.uasset,,0,,,dev/resource_audit.json,/Game/ThirdPerson/Maps/ThirdPersonMap,True
orphan_external,부모 맵 없는 외부 액터·객체,/Game/__ExternalActors__/ThirdPerson/Maps/ThirdPersonMap/3/P3/O43ETCZTFMLWWH1CJ941H2,StaticMeshActor,4259,0.004,Content/__ExternalActors__/ThirdPerson/Maps/ThirdPersonMap/3/P3/O43ETCZTFMLWWH1CJ941H2.uasset,,0,,,dev/resource_audit.json,/Game/ThirdPerson/Maps/ThirdPersonMap,True
orphan_external,부모 맵 없는 외부 액터·객체,/Game/__ExternalActors__/ThirdPerson/Maps/ThirdPersonMap/6/HF/9H7TKAXH9DD8KI3TIXGI2I,StaticMeshActor,4259,0.004,Content/__ExternalActors__/ThirdPerson/Maps/ThirdPersonMap/6/HF/9H7TKAXH9DD8KI3TIXGI2I.uasset,,0,,,dev/resource_audit.json,/Game/ThirdPerson/Maps/ThirdPersonMap,True
orphan_external,부모 맵 없는 외부 액터·객체,/Game/__ExternalActors__/ThirdPerson/Maps/ThirdPersonMap/6/NC/UUYHDUFQAXTRRN4RVOPIUF,StaticMeshActor,4259,0.004,Content/__ExternalActors__/ThirdPerson/Maps/ThirdPersonMap/6/NC/UUYHDUFQAXTRRN4RVOPIUF.uasset,,0,,,dev/resource_audit.json,/Game/ThirdPerson/Maps/ThirdPersonMap,True
orphan_external,부모 맵 없는 외부 액터·객체,/Game/__ExternalActors__/ThirdPerson/Maps/ThirdPersonMap/B/8K/1IKKDYS7RULH8FRYRPPF04,StaticMeshActor,4259,0.004,Content/__ExternalActors__/ThirdPerson/Maps/ThirdPersonMap/B/8K/1IKKDYS7RULH8FRYRPPF04.uasset,,0,,,dev/resource_audit.json,/Game/ThirdPerson/Maps/ThirdPersonMap,True
orphan_external,부모 맵 없는 외부 액터·객체,/Game/__ExternalActors__/ThirdPerson/Maps/ThirdPersonMap/5/QO/CO9MG7REJF8N8AQFYRCI06,StaticMeshActor,4257,0.004,Content/__ExternalActors__/ThirdPerson/Maps/ThirdPersonMap/5/QO/CO9MG7REJF8N8AQFYRCI06.uasset,,0,,,dev/resource_audit.json,/Game/ThirdPerson/Maps/ThirdPersonMap,True
orphan_external,부모 맵 없는 외부 액터·객체,/Game/__ExternalActors__/ThirdPerson/Maps/ThirdPersonMap/6/CZ/K2YM0JIRZ78IHGM8W2QBAF,StaticMeshActor,4257,0.004,Content/__ExternalActors__/ThirdPerson/Maps/ThirdPersonMap/6/CZ/K2YM0JIRZ78IHGM8W2QBAF.uasset,,0,,,dev/resource_audit.json,/Game/ThirdPerson/Maps/ThirdPersonMap,True
orphan_external,부모 맵 없는 외부 액터·객체,/Game/__ExternalActors__/ThirdPerson/Maps/ThirdPersonMap/6/XB/9VVR39MG0K7W5GQIEFE7SO,StaticMeshActor,4257,0.004,Content/__ExternalActors__/ThirdPerson/Maps/ThirdPersonMap/6/XB/9VVR39MG0K7W5GQIEFE7SO.uasset,,0,,,dev/resource_audit.json,/Game/ThirdPerson/Maps/ThirdPersonMap,True
orphan_external,부모 맵 없는 외부 액터·객체,/Game/__ExternalActors__/ThirdPerson/Maps/ThirdPersonMap/A/17/6LXV4Y6DE3LUT705XNU4DZ,StaticMeshActor,4257,0.004,Content/__ExternalActors__/ThirdPerson/Maps/ThirdPersonMap/A/17/6LXV4Y6DE3LUT705XNU4DZ.uasset,,0,,,dev/resource_audit.json,/Game/ThirdPerson/Maps/ThirdPersonMap,True
orphan_external,부모 맵 없는 외부 액터·객체,/Game/__ExternalActors__/ThirdPerson/Maps/ThirdPersonMap/3/M3/7JQC72ZY37QM4IT43WD5CW,StaticMeshActor,4199,0.004,Content/__ExternalActors__/ThirdPerson/Maps/ThirdPersonMap/3/M3/7JQC72ZY37QM4IT43WD5CW.uasset,,0,,,dev/resource_audit.json,/Game/ThirdPerson/Maps/ThirdPersonMap,True
orphan_external,부모 맵 없는 외부 액터·객체,/Game/__ExternalActors__/ThirdPerson/Maps/ThirdPersonMap/5/11/IM858T68EBXCBX1T2FNR96,StaticMeshActor,4197,0.004,Content/__ExternalActors__/ThirdPerson/Maps/ThirdPersonMap/5/11/IM858T68EBXCBX1T2FNR96.uasset,,0,,,dev/resource_audit.json,/Game/ThirdPerson/Maps/ThirdPersonMap,True
orphan_external,부모 맵 없는 외부 액터·객체,/Game/__ExternalActors__/ThirdPerson/Maps/ThirdPersonMap/B/EA/9BWDWCNL7OZT2HTML9LK1Y,StaticMeshActor,4197,0.004,Content/__ExternalActors__/ThirdPerson/Maps/ThirdPersonMap/B/EA/9BWDWCNL7OZT2HTML9LK1Y.uasset,,0,,,dev/resource_audit.json,/Game/ThirdPerson/Maps/ThirdPersonMap,True
orphan_external,부모 맵 없는 외부 액터·객체,/Game/__ExternalActors__/ThirdPerson/Maps/ThirdPersonMap/8/3J/6B9RJI3FDPCETRKXUXCQ4C,StaticMeshActor,4196,0.004,Content/__ExternalActors__/ThirdPerson/Maps/ThirdPersonMap/8/3J/6B9RJI3FDPCETRKXUXCQ4C.uasset,,0,,,dev/resource_audit.json,/Game/ThirdPerson/Maps/ThirdPersonMap,True
orphan_external,부모 맵 없는 외부 액터·객체,/Game/__ExternalActors__/ThirdPerson/Maps/ThirdPersonMap/A/16/Q7Y1URWWFS0TXGWUTO3S61,StaticMeshActor,4196,0.004,Content/__ExternalActors__/ThirdPerson/Maps/ThirdPersonMap/A/16/Q7Y1URWWFS0TXGWUTO3S61.uasset,,0,,,dev/resource_audit.json,/Game/ThirdPerson/Maps/ThirdPersonMap,True
orphan_external,부모 맵 없는 외부 액터·객체,/Game/__ExternalActors__/ThirdPerson/Maps/ThirdPersonMap/5/9Q/U98KGKQ41NJYFOGFQM8ZDY,StaticMeshActor,4194,0.004,Content/__ExternalActors__/ThirdPerson/Maps/ThirdPersonMap/5/9Q/U98KGKQ41NJYFOGFQM8ZDY.uasset,,0,,,dev/resource_audit.json,/Game/ThirdPerson/Maps/ThirdPersonMap,True
orphan_external,부모 맵 없는 외부 액터·객체,/Game/__ExternalActors__/ThirdPerson/Maps/ThirdPersonMap/A/MS/MRHJREJ6H7USQYWF1KO8F6,StaticMeshActor,4194,0.004,Content/__ExternalActors__/ThirdPerson/Maps/ThirdPersonMap/A/MS/MRHJREJ6H7USQYWF1KO8F6.uasset,,0,,,dev/resource_audit.json,/Game/ThirdPerson/Maps/ThirdPersonMap,True
orphan_external,부모 맵 없는 외부 액터·객체,/Game/__ExternalActors__/ThirdPerson/Maps/ThirdPersonMap/B/FB/8RB55FM1HBEUVO4IOQC4YN,StaticMeshActor,4143,0.004,Content/__ExternalActors__/ThirdPerson/Maps/ThirdPersonMap/B/FB/8RB55FM1HBEUVO4IOQC4YN.uasset,,0,,,dev/resource_audit.json,/Game/ThirdPerson/Maps/ThirdPersonMap,True
orphan_external,부모 맵 없는 외부 액터·객체,/Game/__ExternalActors__/ThirdPerson/Maps/ThirdPersonMap/0/FG/C9C8NKPQ680JETAE5ROTT1,StaticMeshActor,4137,0.004,Content/__ExternalActors__/ThirdPerson/Maps/ThirdPersonMap/0/FG/C9C8NKPQ680JETAE5ROTT1.uasset,,0,,,dev/resource_audit.json,/Game/ThirdPerson/Maps/ThirdPersonMap,True
orphan_external,부모 맵 없는 외부 액터·객체,/Game/__ExternalActors__/ThirdPerson/Maps/ThirdPersonMap/6/IR/OTJMGDDXDV5TI7982YKZ5P,StaticMeshActor,4106,0.004,Content/__ExternalActors__/ThirdPerson/Maps/ThirdPersonMap/6/IR/OTJMGDDXDV5TI7982YKZ5P.uasset,,0,,,dev/resource_audit.json,/Game/ThirdPerson/Maps/ThirdPersonMap,True
orphan_external,부모 맵 없는 외부 액터·객체,/Game/__ExternalActors__/ThirdPerson/Maps/ThirdPersonMap/4/60/5PI42YRDC8HSSG6BVV2GRR,StaticMeshActor,4085,0.004,Content/__ExternalActors__/ThirdPerson/Maps/ThirdPersonMap/4/60/5PI42YRDC8HSSG6BVV2GRR.uasset,,0,,,dev/resource_audit.json,/Game/ThirdPerson/Maps/ThirdPersonMap,True
orphan_external,부모 맵 없는 외부 액터·객체,/Game/__ExternalActors__/ThirdPerson/Maps/ThirdPersonMap/B/4D/BBOCKSZY1GVHTFRX0PR0O8,StaticMeshActor,4085,0.004,Content/__ExternalActors__/ThirdPerson/Maps/ThirdPersonMap/B/4D/BBOCKSZY1GVHTFRX0PR0O8.uasset,,0,,,dev/resource_audit.json,/Game/ThirdPerson/Maps/ThirdPersonMap,True
orphan_external,부모 맵 없는 외부 액터·객체,/Game/__ExternalActors__/ThirdPerson/Maps/ThirdPersonMap/C/YT/CQR16QFDKKEYP53M51TV4F,StaticMeshActor,4085,0.004,Content/__ExternalActors__/ThirdPerson/Maps/ThirdPersonMap/C/YT/CQR16QFDKKEYP53M51TV4F.uasset,,0,,,dev/resource_audit.json,/Game/ThirdPerson/Maps/ThirdPersonMap,True
orphan_external,부모 맵 없는 외부 액터·객체,/Game/__ExternalActors__/ThirdPerson/Maps/ThirdPersonMap/9/U7/H8YL2PPHZPBTI74SUD0RNL,StaticMeshActor,4083,0.004,Content/__ExternalActors__/ThirdPerson/Maps/ThirdPersonMap/9/U7/H8YL2PPHZPBTI74SUD0RNL.uasset,,0,,,dev/resource_audit.json,/Game/ThirdPerson/Maps/ThirdPersonMap,True
orphan_external,부모 맵 없는 외부 액터·객체,/Game/__ExternalActors__/ThirdPerson/Maps/ThirdPersonMap/D/3V/NMHOKL5LGQDOAAG00FUMZR,StaticMeshActor,4082,0.004,Content/__ExternalActors__/ThirdPerson/Maps/ThirdPersonMap/D/3V/NMHOKL5LGQDOAAG00FUMZR.uasset,,0,,,dev/resource_audit.json,/Game/ThirdPerson/Maps/ThirdPersonMap,True
orphan_external,부모 맵 없는 외부 액터·객체,/Game/__ExternalActors__/ThirdPerson/Maps/ThirdPersonMap/D/0G/JNKFA4X9LRMSF343ESPF6Q,StaticMeshActor,4080,0.004,Content/__ExternalActors__/ThirdPerson/Maps/ThirdPersonMap/D/0G/JNKFA4X9LRMSF343ESPF6Q.uasset,,0,,,dev/resource_audit.json,/Game/ThirdPerson/Maps/ThirdPersonMap,True
orphan_external,부모 맵 없는 외부 액터·객체,/Game/__ExternalActors__/ThirdPerson/Maps/ThirdPersonMap/6/YO/NG2R9BPZVA7ZDN0Z4VSTG6,StaticMeshActor,4078,0.004,Content/__ExternalActors__/ThirdPerson/Maps/ThirdPersonMap/6/YO/NG2R9BPZVA7ZDN0Z4VSTG6.uasset,,0,,,dev/resource_audit.json,/Game/ThirdPerson/Maps/ThirdPersonMap,True
orphan_external,부모 맵 없는 외부 액터·객체,/Game/__ExternalActors__/ThirdPerson/Maps/ThirdPersonMap/C/QF/BY1DA5CRGQSAMOTK8RA8KR,StaticMeshActor,3982,0.004,Content/__ExternalActors__/ThirdPerson/Maps/ThirdPersonMap/C/QF/BY1DA5CRGQSAMOTK8RA8KR.uasset,,0,,,dev/resource_audit.json,/Game/ThirdPerson/Maps/ThirdPersonMap,True
orphan_external,부모 맵 없는 외부 액터·객체,/Game/__ExternalActors__/ThirdPerson/Maps/ThirdPersonMap/D/DE/SWSI13675DVYIZ0N4NF7Y3,PlayerStart,3866,0.004,Content/__ExternalActors__/ThirdPerson/Maps/ThirdPersonMap/D/DE/SWSI13675DVYIZ0N4NF7Y3.uasset,,0,,,dev/resource_audit.json,/Game/ThirdPerson/Maps/ThirdPersonMap,True
orphan_external,부모 맵 없는 외부 액터·객체,/Game/__ExternalActors__/ThirdPerson/Maps/ThirdPersonMap/1/WU/NB37RT5Q32Z8MJWD8BD2SO,TextRenderActor,3746,0.004,Content/__ExternalActors__/ThirdPerson/Maps/ThirdPersonMap/1/WU/NB37RT5Q32Z8MJWD8BD2SO.uasset,,0,,,dev/resource_audit.json,/Game/ThirdPerson/Maps/ThirdPersonMap,True
orphan_external,부모 맵 없는 외부 액터·객체,/Game/__ExternalActors__/ThirdPerson/Maps/ThirdPersonMap/4/LN/30UBDLYFFA5ZR7U4W4L4GG,SkyAtmosphere,3601,0.003,Content/__ExternalActors__/ThirdPerson/Maps/ThirdPersonMap/4/LN/30UBDLYFFA5ZR7U4W4L4GG.uasset,,0,,,dev/resource_audit.json,/Game/ThirdPerson/Maps/ThirdPersonMap,True
orphan_external,부모 맵 없는 외부 액터·객체,/Game/__ExternalActors__/ThirdPerson/Maps/ThirdPersonMap/6/J7/N10XDC9G27EMLS5AGZ6AVV,ExponentialHeightFog,3378,0.003,Content/__ExternalActors__/ThirdPerson/Maps/ThirdPersonMap/6/J7/N10XDC9G27EMLS5AGZ6AVV.uasset,,0,,,dev/resource_audit.json,/Game/ThirdPerson/Maps/ThirdPersonMap,True
orphan_external,부모 맵 없는 외부 액터·객체,/Game/__ExternalActors__/ThirdPerson/Maps/ThirdPersonMap/8/S1/DXUWD12MD3HRWVVXX076BY,SkyLight,3364,0.003,Content/__ExternalActors__/ThirdPerson/Maps/ThirdPersonMap/8/S1/DXUWD12MD3HRWVVXX076BY.uasset,,0,,,dev/resource_audit.json,/Game/ThirdPerson/Maps/ThirdPersonMap,True
orphan_external,부모 맵 없는 외부 액터·객체,/Game/__ExternalActors__/ThirdPerson/Maps/ThirdPersonMap/3/EY/87SHEJN5UBEAN2K5OV1G6R,VolumetricCloud,3300,0.003,Content/__ExternalActors__/ThirdPerson/Maps/ThirdPersonMap/3/EY/87SHEJN5UBEAN2K5OV1G6R.uasset,,0,,,dev/resource_audit.json,/Game/ThirdPerson/Maps/ThirdPersonMap,True
orphan_external,부모 맵 없는 외부 액터·객체,/Game/__ExternalActors__/ThirdPerson/Maps/ThirdPersonMap/E/FR/LBG6LPN5JCL3FMVSI2CK6R,WorldPartitionMiniMap,2580,0.002,Content/__ExternalActors__/ThirdPerson/Maps/ThirdPersonMap/E/FR/LBG6LPN5JCL3FMVSI2CK6R.uasset,,0,,,dev/resource_audit.json,/Game/ThirdPerson/Maps/ThirdPersonMap,True
orphan_external,부모 맵 없는 외부 액터·객체,/Game/__ExternalActors__/ThirdPerson/Maps/ThirdPersonMap/0/43/HYQWORMY4JDQ5X3OKZXFLC,WorldDataLayers,2448,0.002,Content/__ExternalActors__/ThirdPerson/Maps/ThirdPersonMap/0/43/HYQWORMY4JDQ5X3OKZXFLC.uasset,,0,,,dev/resource_audit.json,/Game/ThirdPerson/Maps/ThirdPersonMap,True
orphan_external,부모 맵 없는 외부 액터·객체,/Game/__ExternalObjects__/ThirdPerson/Maps/ThirdPersonMap/6/TK/PIQ0B2FNWR15P52TECP27A,ActorFolder,2015,0.002,Content/__ExternalObjects__/ThirdPerson/Maps/ThirdPersonMap/6/TK/PIQ0B2FNWR15P52TECP27A.uasset,,0,,,dev/resource_audit.json,/Game/ThirdPerson/Maps/ThirdPersonMap,True
orphan_external,부모 맵 없는 외부 액터·객체,/Game/__ExternalObjects__/ThirdPerson/Maps/ThirdPersonMap/4/VW/TY7TSUER9KKGHX2BMKSL0L,ActorFolder,2011,0.002,Content/__ExternalObjects__/ThirdPerson/Maps/ThirdPersonMap/4/VW/TY7TSUER9KKGHX2BMKSL0L.uasset,,0,,,dev/resource_audit.json,/Game/ThirdPerson/Maps/ThirdPersonMap,True
orphan_external,부모 맵 없는 외부 액터·객체,/Game/__ExternalObjects__/ThirdPerson/Maps/ThirdPersonMap/E/GP/22PD314FCWY4ZK61DE3XZC,ActorFolder,2011,0.002,Content/__ExternalObjects__/ThirdPerson/Maps/ThirdPersonMap/E/GP/22PD314FCWY4ZK61DE3XZC.uasset,,0,,,dev/resource_audit.json,/Game/ThirdPerson/Maps/ThirdPersonMap,True
orphan_external,부모 맵 없는 외부 액터·객체,/Game/__ExternalObjects__/ThirdPerson/Maps/ThirdPersonMap/6/D8/3MZ6M1DB94VN44C87D65WR,ActorFolder,2009,0.002,Content/__ExternalObjects__/ThirdPerson/Maps/ThirdPersonMap/6/D8/3MZ6M1DB94VN44C87D65WR.uasset,,0,,,dev/resource_audit.json,/Game/ThirdPerson/Maps/ThirdPersonMap,True
orphan_external,부모 맵 없는 외부 액터·객체,/Game/__ExternalObjects__/ThirdPerson/Maps/ThirdPersonMap/9/KN/KHZG97SS6AL73U7AXDWH6J,ActorFolder,2009,0.002,Content/__ExternalObjects__/ThirdPerson/Maps/ThirdPersonMap/9/KN/KHZG97SS6AL73U7AXDWH6J.uasset,,0,,,dev/resource_audit.json,/Game/ThirdPerson/Maps/ThirdPersonMap,True
orphan_external,부모 맵 없는 외부 액터·객체,/Game/__ExternalObjects__/ThirdPerson/Maps/ThirdPersonMap/C/7N/FDH7Y28CQFXDK8P6MM1HXM,ActorFolder,2009,0.002,Content/__ExternalObjects__/ThirdPerson/Maps/ThirdPersonMap/C/7N/FDH7Y28CQFXDK8P6MM1HXM.uasset,,0,,,dev/resource_audit.json,/Game/ThirdPerson/Maps/ThirdPersonMap,True
unindexed,Registry 미등재: 수동 확인,/Game/__ExternalActors__/ThirdPerson/Maps/ThirdPersonMap/D/SY/Z4CTQ4LG3YV10EKPD0UE8Q,,849,0.001,Content/__ExternalActors__/ThirdPerson/Maps/ThirdPersonMap/D/SY/Z4CTQ4LG3YV10EKPD0UE8Q.uasset,,0,,,,/Game/ThirdPerson/Maps/ThirdPersonMap,False
