path,bytes,mtime_ns
.vs/ProjectSettings.json,3949,1785341121250059700
.vs/slnx.sqlite,18157568,1785355039528194100
.vs/UETargetProperties.json,288,1785340963367236700
.vs/VSWorkspaceState.json,211,1785355039473194600
.vs/Constellation/BlueprintCache/Constellation.json,537,1788190465687492300
.vs/Constellation/DesignTimeBuild/.dtbcache.v2,1274993,1784955440165515700
.vs/Constellation/FileContentIndex/0f1fd74c-5464-4fe9-8ce7-450f50bec3f7.vsidx,9439759,1784104067406305200
.vs/Constellation/FileContentIndex/1b62f9cc-2976-494e-a417-19cbd15b1349.vsidx,9819944,1788190427319633800
.vs/Constellation/FileContentIndex/1d7586ca-0395-4b1d-844b-8a3dddb41da3.vsidx,7801692,1785241910865175400
.vs/Constellation/FileContentIndex/1e9ba211-a3d5-4b20-ad70-d46ab5e60986.vsidx,6842558,1784104081272840700
.vs/Constellation/FileContentIndex/23cefa29-15d0-4591-8098-b2d9f76ab242.vsidx,6813171,1784104079537418000
.vs/Constellation/FileContentIndex/2bb5c64e-eed0-481f-926a-6f7e9f7af90c.vsidx,10987566,1785241912698175500
.vs/Constellation/FileContentIndex/2fb54328-9dbd-41b8-a468-38d407d4f246.vsidx,9642652,1784104067444309000
.vs/Constellation/FileContentIndex/319a1e7f-58eb-40d1-884a-3d29649c3548.vsidx,11545282,1785241962583583300
.vs/Constellation/FileContentIndex/31bc710e-5ae0-40d8-bf6e-52d681027588.vsidx,9278956,1785241855712701700
.vs/Constellation/FileContentIndex/35935936-4d9c-4a65-b798-a0c9340976da.vsidx,9768276,1785241911191175100
.vs/Constellation/FileContentIndex/3c8ce36b-f263-4aa8-994a-44ec554226cd.vsidx,10191017,1784104079647417800
.vs/Constellation/FileContentIndex/4861835c-8295-4db7-a71f-f20b224cb14a.vsidx,10243871,1785936634324482300
.vs/Constellation/FileContentIndex/48b66174-3351-4022-857c-31ae469f0193.vsidx,6742764,1785340984866122200
.vs/Constellation/FileContentIndex/4e6a84c7-2e97-47da-9197-bccd7af41900.vsidx,11034628,1785241912700174900
.vs/Constellation/FileContentIndex/50282600-8c42-4dc8-bfa9-7e6f068f8b3d.vsidx,10268288,1785241962361580000
.vs/Constellation/FileContentIndex/54337a46-a180-4f9d-9c64-831356746887.vsidx,11164469,1785329121793328700
.vs/Constellation/FileContentIndex/623530df-d6e0-4874-9461-c1797d127477.vsidx,6907016,1785340970414791900
.vs/Constellation/FileContentIndex/6272cba9-f196-47f6-a3b7-7985e01ba1a6.vsidx,9382347,1785241962350579700
.vs/Constellation/FileContentIndex/6869764b-fe75-407b-ab2c-32dacafd9065.vsidx,10034454,1784104079634417900
.vs/Constellation/FileContentIndex/6cf1d91f-c54d-4b8d-8508-a5da0a6787cb.vsidx,10333004,1785241962502579700
.vs/Constellation/FileContentIndex/71382c0c-9f39-43b8-8709-d008523733a7.vsidx,8699172,1785241961959579600
.vs/Constellation/FileContentIndex/715b0a22-2bf1-4925-8568-1b39ba3f1f06.vsidx,9448407,1785241855583701800
.vs/Constellation/FileContentIndex/73c07ba9-6a40-4b3a-bb25-efd7d33e3042.vsidx,6703747,1785241855503701700
.vs/Constellation/FileContentIndex/7e3c0a79-e94d-49a9-8478-b4c5053cbe4d.vsidx,9265746,1787756622936144100
.vs/Constellation/FileContentIndex/7e5cf195-6f26-4123-979e-b5414d2b42eb.vsidx,6999880,1785344475657173300
.vs/Constellation/FileContentIndex/88717272-366b-4ba1-a67e-d4e65250d1e5.vsidx,11758383,1785241962554579900
.vs/Constellation/FileContentIndex/8e942816-9015-459c-a0ee-ed3208e81f8c.vsidx,10003268,1784104067427305000
.vs/Constellation/FileContentIndex/8ee3c6ad-dac9-4474-b422-61ea2498612d.vsidx,10370981,1785241915138176100
.vs/Constellation/FileContentIndex/a382878c-2b46-48ff-bf49-39b43b7f0d61.vsidx,10706586,1785241962242579600
.vs/Constellation/FileContentIndex/a3dace4a-a543-4359-add3-cd6f2cbceda4.vsidx,6561732,1785467139825237700
.vs/Constellation/FileContentIndex/a7b32e3f-0d21-4b40-8c78-7b7252e2a156.vsidx,10145995,1785241962526579700
.vs/Constellation/FileContentIndex/a7dec156-b2c8-437b-bebd-61f6fe73dedc.vsidx,6665699,1784104040452729400
.vs/Constellation/FileContentIndex/a9f1dde9-7fe4-4de0-a9de-7ddbcf013b7a.vsidx,8372475,1785241855665702100
.vs/Constellation/FileContentIndex/ad193a40-d628-4648-bcfd-1bebdbc94f65.vsidx,6417506,1788190443827336400
.vs/Constellation/FileContentIndex/ae6b2bc0-2a9f-4307-b901-30193611cf54.vsidx,11590601,1785241962452580400
.vs/Constellation/FileContentIndex/aefe609d-1544-4d4c-8237-65293bcbe6d3.vsidx,9708765,1787756626648708800
.vs/Constellation/FileContentIndex/b1d23aea-09c7-4932-afd4-f97a6f92469a.vsidx,11247802,1785241909966032900
.vs/Constellation/FileContentIndex/b3b90c91-1a91-419e-8576-8b751615b7c5.vsidx,6483581,1785340968192328600
.vs/Constellation/FileContentIndex/bb559089-9a12-4f65-bdd9-5a99232b83b4.vsidx,10465620,1785241912296175600
.vs/Constellation/FileContentIndex/bd69979c-ed51-4580-9d12-3ac8ab9b9e03.vsidx,10637660,1785241855808701600
.vs/Constellation/FileContentIndex/c536d2cc-0dca-4637-b3ed-98f982a02fee.vsidx,10345944,1784104079647417800
.vs/Constellation/FileContentIndex/d9cd99d0-6c25-4860-829a-316b7c089a54.vsidx,9856533,1785421471244750500
.vs/Constellation/FileContentIndex/e224104c-f0c3-4175-b644-4647ce17e58b.vsidx,9767075,1787756622643144500
.vs/Constellation/FileContentIndex/e69c21e1-ccf3-4c56-a5ff-61fbf0291d82.vsidx,10728905,1788077108270863900
.vs/Constellation/FileContentIndex/e7244cce-508c-4406-9133-a60c1d83a0d6.vsidx,11273188,1785241962532579900
.vs/Constellation/FileContentIndex/ee453776-b374-4c44-b9cf-9ee05d685abb.vsidx,7718009,1784104073505424700
.vs/Constellation/FileContentIndex/ef667e1c-cfc2-4a87-a262-7fafd208783f.vsidx,7287931,1784104062009774500
.vs/Constellation/FileContentIndex/f2a716e1-e87a-42d8-b0a8-f7f89356b524.vsidx,7297450,1784104056996592700
.vs/Constellation/v17/.futdcache.v2,9080,1784955440211517600
.vs/Constellation/v17/.suo,56320,1788190559826000000
.vs/Constellation/v17/.wsuo,59392,1785355039314000000
.vs/Constellation/v17/Browse.VC.db,2885509120,1788190560008790400
.vs/Constellation/v17/DocumentLayout.backup.json,5699,1788190403834438400
.vs/Constellation/v17/DocumentLayout.json,5699,1788190558768716200
.vs/Constellation/v17/fileList.bin,16680991,1788190558949484000
.vs/Constellation/v17/Solution.VC.db,411152384,1785467206395128400
.vs/Constellation/v17/ipch/923d3a89458cf31c.ipch,1309016064,1784955366483384400
.vs/Constellation/v17/ipch/d12d8152a2e645ea.ipch,1366491136,1788190395972349300
.vs/Constellation/v17/ipch/dc78116dddb79ce6.ipch,1364721664,1785351754467000000
.vs/Constellation/v17/ipch/f7ca2778af4a94ec.ipch,1309016064,1784268400546000000
.vs/Constellation/v17/ipch/AutoPCH/3d5dfe4c31d55406/TUTORIALPROMPTWIDGET.ipch,2162688,1785421526479000000
.vs/Constellation/v17/ipch/AutoPCH/439427479968543/TUTORIALPROMPTWIDGET.ipch,2162688,1785340265802000000
.vs/Constellation/v17/ipch/AutoPCH/5b27ac2af96f7673/TUTORIALPROMPTWIDGET.ipch,2162688,1785441352135000000
.vs/Constellation.slnx/v17/.suo,21504,1785421408508000000
.vs/Constellation.slnx/v17/Browse.VC.db,278528,1785421409327546700
.vs/Constellation.slnx/v17/DocumentLayout.json,268,1785421408391857700
.vs/Constellation.slnx/v17/Solution.VC.db,163909632,1785421401672093000
.vs/ProjectEvaluation/constellation.metadata.v9.bin,34906,1784955440241345400
.vs/ProjectEvaluation/constellation.projects.v9.bin,1471978,1784955440246344200
.vs/ProjectEvaluation/constellation.strings.v9.bin,1705345,1784955440246344200
DerivedDataCache/Buckets/LegacyChaosGeometryData/37/cc/59eddee505e8f0046471adcdd206fb6bd958.udd,440144,1790770836383061900
DerivedDataCache/Buckets/LegacyNavCollision/00/45/f7d1147cf53fa22c9f8dc07c2c240789eae8.udd,232,1790770835782157300
DerivedDataCache/Buckets/LegacyNavCollision/0b/35/81ca5d22d4a9b99709e2a819303c2fda07d6.udd,852,1790770835784157300
DerivedDataCache/Buckets/LegacyNavCollision/0e/53/0d62cdffcf1bf12f4d726f5f74be2a340093.udd,232,1790770835658157200
DerivedDataCache/Buckets/LegacyNavCollision/11/c9/dfbf3b478a2172108aa6d693e804dcf8ff71.udd,232,1790770835644157800
DerivedDataCache/Buckets/LegacyNavCollision/1a/e3/b3243270973b108ca4f025ded2173c470a90.udd,232,1790770835648157300
DerivedDataCache/Buckets/LegacyNavCollision/1c/73/5b86b7c17c9ebf6003800313abc1246a265a.udd,2808,1790770842359628600
DerivedDataCache/Buckets/LegacyNavCollision/26/02/bedb749d72853232321e6af828665686d7a5.udd,331,1790770842357167400
DerivedDataCache/Buckets/LegacyNavCollision/27/df/90e04b76559acbeeb4604e5f27bb7caebe4d.udd,328,1790770842336603800
DerivedDataCache/Buckets/LegacyNavCollision/29/bb/96879e6de4b128a9cc81ccdba45310a083bc.udd,232,1790770835654157700
DerivedDataCache/Buckets/LegacyNavCollision/33/5e/c030276e457c4c3cd8f54a6d865c5dddbdce.udd,733,1790770835856306600
DerivedDataCache/Buckets/LegacyNavCollision/47/67/17bec9e602fef1d82c90bb9bd4af48a07ffb.udd,1367,1790770842362220200
DerivedDataCache/Buckets/LegacyNavCollision/4c/a0/de8343f5b3c6676e849e6a4384b6e3c1e5b3.udd,232,1790770835693157500
DerivedDataCache/Buckets/LegacyNavCollision/7a/a9/fe8f147c8ab0b47ded619f983654ded9e9fc.udd,232,1790770839632217300
DerivedDataCache/Buckets/LegacyNavCollision/7b/90/d5916899e55ee18bd533fcc2596925454ae9.udd,556,1790770838368266400
DerivedDataCache/Buckets/LegacyNavCollision/87/18/b4271b57c60b2533919d759ef6ba6eb5a34d.udd,232,1790770842450954600
DerivedDataCache/Buckets/LegacyNavCollision/88/33/3a0985c6102ac049a6fd65d377e10918b1ae.udd,895,1790770835779157400
DerivedDataCache/Buckets/LegacyNavCollision/90/77/722477dde2d74048cff80783f82397b72332.udd,750,1790770835777157500
DerivedDataCache/Buckets/LegacyNavCollision/97/3a/3bcc3615f5f2ffb323eb10b079257e8c5089.udd,232,1790770835853183200
DerivedDataCache/Buckets/LegacyNavCollision/a0/16/7090ed5a88ac4867f875e359a7f27b330d1c.udd,970,1790770835776157200
DerivedDataCache/Buckets/LegacyNavCollision/a4/b6/880d191ffdd7a061fbc3b0c4b17093c5a074.udd,872,1790770836386061300
DerivedDataCache/Buckets/LegacyNavCollision/b8/d6/093dcfccd0d3d36aa74c9180fa09eb02e7d1.udd,232,1790770835668157900
DerivedDataCache/Buckets/LegacyNavCollision/bf/8e/a8bf82308cd645ea198d7696da95ca202092.udd,232,1790770835780157300
DerivedDataCache/Buckets/LegacyNavCollision/c9/48/15190d0db5f0259c5eb686b66219330f6ea3.udd,888,1790770835776157200
DerivedDataCache/Buckets/LegacyNavCollision/cb/73/9d503f2b46f4f95c7e112c62443d0c3b66e5.udd,334,1790770838430228200
DerivedDataCache/Buckets/LegacyNavCollision/d4/36/f3fb71629d862e3463397a58756384142285.udd,532,1790770835783157500
DerivedDataCache/Buckets/LegacyNavCollision/df/27/83159508540f703c17ad9bc638f83e6b7360.udd,1738,1790770842361182700
DerivedDataCache/Buckets/LegacyNavCollision/ed/af/3709283437e5525e3152732ea51390ae75c8.udd,852,1790770835776157200
DerivedDataCache/Buckets/LegacyNavCollision/f1/72/dc8828f7b495369bc15cd9bebe0462978687.udd,357,1790770835781157700
DerivedDataCache/Buckets/LegacyNavCollision/f4/69/c2bcc80d570f5de69f1c4ed28d4fa1a0df67.udd,903,1790770835796157300
DerivedDataCache/Buckets/LegacyNavCollision/fc/d6/64141eecab9db7f67a362456730fe5b98080.udd,232,1790770842363815900
DerivedDataCache/Buckets/LegacyNavCollision/ff/e2/7fed000297a7ba10377c1dbfd5f490f20d86.udd,232,1790770835645157600
DerivedDataCache/Buckets/StaticMesh/00/43/15016d3cd6eeb4417feae84e74626a1d22db.udd,4585,1790770835767157200
DerivedDataCache/Buckets/StaticMesh/01/7b/79363086bf2286918d26e33bf0ba8fac6d30.udd,15986,1790770842446035300
DerivedDataCache/Buckets/StaticMesh/03/a0/3bae53cf615808f1db7f76609c4f3d92bb92.udd,8756,1790770835456991200
DerivedDataCache/Buckets/StaticMesh/07/00/95f6db689548b464a8e684bfba4551aa0726.udd,17760,1790770835645157600
DerivedDataCache/Buckets/StaticMesh/1f/f2/9a40b82e8726047172a62e6db99f6569e5dd.udd,556,1790770842352324800
DerivedDataCache/Buckets/StaticMesh/2d/de/f5ce770cf70fd9979d6b03f3b185e5bb6008.udd,1761,1790770838364677500
DerivedDataCache/Buckets/StaticMesh/2e/2b/eb7af4335ae5c25bfcaf565ba3870f877462.udd,5246,1790770835641157300
DerivedDataCache/Buckets/StaticMesh/3c/c8/554ee8aa29663e0966b5ef52f8cb74451447.udd,8618,1790770835771156800
DerivedDataCache/Buckets/StaticMesh/3f/19/644dae576495fd7227f022aa4b614bd9f7c8.udd,1187,1790770835778157500
DerivedDataCache/Buckets/StaticMesh/43/26/a929fabb3e577e3ceb1c633c8d95ed04b5a9.udd,16519,1790770835651157900
DerivedDataCache/Buckets/StaticMesh/45/85/3cebf3ac8aaeb5ad3bc559d2c5926e236d2f.udd,552,1790770838426556000
DerivedDataCache/Buckets/StaticMesh/4c/73/b98b17eff30a9820e45c4bda82b6eb3f07eb.udd,18197,1790770835655157500
DerivedDataCache/Buckets/StaticMesh/58/8c/7661d3fab960997866749e5aa4234793550b.udd,1542,1790770835692157700
DerivedDataCache/Buckets/StaticMesh/5b/42/8732a8f12d4b19f9b26cf3b2726f4c1e6b7b.udd,29186,1790770835664157400
DerivedDataCache/Buckets/StaticMesh/78/52/aad58d60413377e1ed07161b34da97f9d879.udd,16046,1790770842353372300
DerivedDataCache/Buckets/StaticMesh/8d/56/c81cacc6dc2d1beadd90945ed7209a4b5759.udd,6415,1790770842353372300
DerivedDataCache/Buckets/StaticMesh/8f/27/8df9f5ed1c90ee14036bfb2fd3575e919110.udd,4010,1790770835773157200
DerivedDataCache/Buckets/StaticMesh/8f/b9/6c284cae955341abee68105baa2748294e69.udd,2153,1790770835781157700
DerivedDataCache/Buckets/StaticMesh/91/fd/7b96e6414158a7433ddcd621edaec130d01b.udd,64351,1790770842352866700
DerivedDataCache/Buckets/StaticMesh/95/36/1bee7e835ac6fe0709cd411795d62f68a901.udd,2357,1790770835766157400
DerivedDataCache/Buckets/StaticMesh/a4/c7/a01b96bb694d0c0d23f1b9ff22d9e1df92b8.udd,8397,1790770842351291200
DerivedDataCache/Buckets/StaticMesh/a7/64/d8a62f1ff0ccc6e71e20cc17ae43450461c5.udd,1083,1790770835778157500
DerivedDataCache/Buckets/StaticMesh/b0/24/3087283ea8232d165fceee53b83b72790ea1.udd,1602,1790770835851077200
DerivedDataCache/Buckets/StaticMesh/b4/45/9d0a12c2f1ae937ce231cd8565546d7137e9.udd,3345,1790770835768157600
DerivedDataCache/Buckets/StaticMesh/be/0f/5c852e787f2ec4962a07fe98ed97711aa828.udd,28800,1790770835794157400
DerivedDataCache/Buckets/StaticMesh/c1/7b/5207adb5a0ff9f0e66d8133f4021eefe4e37.udd,1708,1790770835853703800
DerivedDataCache/Buckets/StaticMesh/ca/19/73787443c70014d224117e598c01d76dae20.udd,361283,1790770836353061100
DerivedDataCache/Buckets/StaticMesh/d4/37/ba694b2d751522374255598d2e32ad8edc2e.udd,1023,1790770835638157800
DerivedDataCache/Buckets/StaticMesh/e0/88/603f2fdc79a4d178cd080795d3f71e95282e.udd,1083,1790770839628451500
DerivedDataCache/Buckets/StaticMesh/e3/fb/dd71d26e3013df7ada5fe5bc7ad392878e76.udd,1331,1790770835779157400
DerivedDataCache/Buckets/StaticMesh/ec/cb/1c8e928df136c3cf31e01afbd71fbfa80048.udd,1644,1790770842332543800
DerivedDataCache/Buckets/StaticMesh/f9/03/8076e643c98ff37cda1c0554d8917c91a6cd.udd,2828,1790770835780157300
DerivedDataCache/TestData/0/TestData_128kb.dat,131072,1790770833657211200
DerivedDataCache/TestData/0/TestData_16kb.dat,16384,1790770833655211100
DerivedDataCache/TestData/0/TestData_256kb.dat,262144,1790770833658211000
DerivedDataCache/TestData/0/TestData_4kb.dat,4096,1790770833653211100
DerivedDataCache/TestData/0/TestData_64kb.dat,65536,1790770833656211400
DerivedDataCache/TestData/0/TestData_8kb.dat,8192,1790770833654211300
DerivedDataCache/TestData/1/TestData_128kb.dat,131072,1790770833657211200
DerivedDataCache/TestData/1/TestData_16kb.dat,16384,1790770833655211100
DerivedDataCache/TestData/1/TestData_256kb.dat,262144,1790770833658211000
DerivedDataCache/TestData/1/TestData_4kb.dat,4096,1790770833653211100
DerivedDataCache/TestData/1/TestData_64kb.dat,65536,1790770833656211400
DerivedDataCache/TestData/1/TestData_8kb.dat,8192,1790770833654211300
DerivedDataCache/VT/TEXTURE_7C16439390E24F1F9468894FB4D4BC55_VTCHUNK02D4C3BCAD7DFA48AB32B8281FB06B8B83DB6275,1183780,1788441147285301900
DerivedDataCache/VT/TEXTURE_7C16439390E24F1F9468894FB4D4BC55_VTCHUNK38740DBD4108040D6985AA56705D97D46F27920C,148004,1788441147280318500
DerivedDataCache/VT/TEXTURE_7C16439390E24F1F9468894FB4D4BC55_VTCHUNK84C05FFC339C0CEFE446DED1628C0AFB5362331E,74020,1788441147280318500
DerivedDataCache/VT/TEXTURE_7C16439390E24F1F9468894FB4D4BC55_VTCHUNK8FAA8FC9BD70E4B042A3F1AB1E484CE350F5F26C,74020,1788600392671627500
DerivedDataCache/VT/TEXTURE_7C16439390E24F1F9468894FB4D4BC55_VTCHUNKA822EC01D3D61B83A28F063A4AA6CAF11E59828E,74020,1788600392671627500
DerivedDataCache/VT/TEXTURE_7C16439390E24F1F9468894FB4D4BC55_VTCHUNKC0393DE8C5B4673D99D1BECB92AA8C1F72FEB491,148004,1788441147283308600
DerivedDataCache/VT/TEXTURE_7C16439390E24F1F9468894FB4D4BC55_VTCHUNKD2DAB16BFF152507817E734DBB935160EA97A322,74020,1788441147280318500
DerivedDataCache/VT/TEXTURE_7C16439390E24F1F9468894FB4D4BC55_VTCHUNKE081B47E58E5632407BD4CD26B798894700E51DB,74020,1790703315280981600
Intermediate/CachedAssetRegistryDiscovery.bin,353005,1790770913563447100
Intermediate/TargetInfo.json,256,1785467062744301600
Intermediate/Build/SourceFileCache.bin,5545488,1790708877347135000
Intermediate/Build/XmlConfigCache.bin,296,1785467048148997900
Intermediate/Build/BuildRules/ConstellationModuleRules.dll,3584,1785467052959187500
Intermediate/Build/BuildRules/ConstellationModuleRules.pdb,3184,1785467052959187500
Intermediate/Build/BuildRules/ConstellationModuleRulesManifest.json,365,1785467052984609500
Intermediate/Build/Win64/ActionHistory.bin,2130,1790707944228582000
Intermediate/Build/Win64/Constellation/Constellation.deps,0,1788200674999069700
Intermediate/Build/Win64/Constellation/Constellation.uhtmanifest,1359297,1788200673433575600
Intermediate/Build/Win64/Constellation/Constellation.uhtpath,91,1788200675004053300
Intermediate/Build/Win64/Constellation/Constellation.uhtsettings,13,1788200675004053300
Intermediate/Build/Win64/Constellation/Constellation.uhttimestamps,10724,1789320584733171500
Intermediate/Build/Win64/ConstellationEditor/ConstellationEditor.deps,0,1790708864944640400
Intermediate/Build/Win64/ConstellationEditor/ConstellationEditor.uhtmanifest,2602215,1790708862440346400
Intermediate/Build/Win64/ConstellationEditor/ConstellationEditor.uhtpath,91,1790708864949638900
Intermediate/Build/Win64/ConstellationEditor/ConstellationEditor.uhtsettings,13,1790708864951639900
Intermediate/Build/Win64/ConstellationEditor/ConstellationEditor.uhttimestamps,25563,1790708864973640300
Intermediate/Build/Win64/UnrealEditor/Inc/Constellation/UHT/Constellation.init.gen.cpp,4200,1790707726782410100
Intermediate/Build/Win64/UnrealEditor/Inc/Constellation/UHT/ConstellationClasses.h,353,1785467113790814200
Intermediate/Build/Win64/UnrealEditor/Inc/Constellation/UHT/ConstellationSaveGame.gen.cpp,12848,1787855584999911900
Intermediate/Build/Win64/UnrealEditor/Inc/Constellation/UHT/ConstellationSaveGame.generated.h,3311,1787756157691328300
Intermediate/Build/Win64/UnrealEditor/Inc/Constellation/UHT/CurrencySubsystem.gen.cpp,95325,1785856289365690200
Intermediate/Build/Win64/UnrealEditor/Inc/Constellation/UHT/CurrencySubsystem.generated.h,4289,1785856289353689700
Intermediate/Build/Win64/UnrealEditor/Inc/Constellation/UHT/MyCharacter.gen.cpp,5726,1785467113764814200
Intermediate/Build/Win64/UnrealEditor/Inc/Constellation/UHT/MyCharacter.generated.h,2845,1785467113763814700
Intermediate/Build/Win64/UnrealEditor/Inc/Constellation/UHT/MyWorldSubsystem.gen.cpp,6033,1785467113675813500
Intermediate/Build/Win64/UnrealEditor/Inc/Constellation/UHT/MyWorldSubsystem.generated.h,3172,1785467113675813500
Intermediate/Build/Win64/UnrealEditor/Inc/Constellation/UHT/QuestDatabase.gen.cpp,8161,1787756157438492900
Intermediate/Build/Win64/UnrealEditor/Inc/Constellation/UHT/QuestDatabase.generated.h,3080,1787756157437791800
Intermediate/Build/Win64/UnrealEditor/Inc/Constellation/UHT/QuestDefinition.gen.cpp,25521,1787847285798716100
Intermediate/Build/Win64/UnrealEditor/Inc/Constellation/UHT/QuestDefinition.generated.h,3712,1787756157434792700
Intermediate/Build/Win64/UnrealEditor/Inc/Constellation/UHT/QuestLogWidget.gen.cpp,26414,1787769021441492200
Intermediate/Build/Win64/UnrealEditor/Inc/Constellation/UHT/QuestLogWidget.generated.h,3889,1787756157600303100
Intermediate/Build/Win64/UnrealEditor/Inc/Constellation/UHT/QuestMarkerWidget.gen.cpp,33011,1788190410297884600
Intermediate/Build/Win64/UnrealEditor/Inc/Constellation/UHT/QuestMarkerWidget.generated.h,3981,1787853218186292100
Intermediate/Build/Win64/UnrealEditor/Inc/Constellation/UHT/QuestSubsystem.gen.cpp,173266,1788080835203703100
Intermediate/Build/Win64/UnrealEditor/Inc/Constellation/UHT/QuestSubsystem.generated.h,4871,1788080835200713200
Intermediate/Build/Win64/UnrealEditor/Inc/Constellation/UHT/QuestTargetMarker.gen.cpp,14179,1787851083214926300
Intermediate/Build/Win64/UnrealEditor/Inc/Constellation/UHT/QuestTargetMarker.generated.h,3297,1787851083213926400
Intermediate/Build/Win64/UnrealEditor/Inc/Constellation/UHT/QuestTrackerWidget.gen.cpp,30204,1787769021438492300
Intermediate/Build/Win64/UnrealEditor/Inc/Constellation/UHT/QuestTrackerWidget.generated.h,4083,1787769021436492600
Intermediate/Build/Win64/UnrealEditor/Inc/Constellation/UHT/QuestTypes.gen.cpp,48276,1787855584839401500
Intermediate/Build/Win64/UnrealEditor/Inc/Constellation/UHT/QuestTypes.generated.h,4919,1787847285750755400
Intermediate/Build/Win64/UnrealEditor/Inc/Constellation/UHT/SlimeClimbComponent.gen.cpp,53235,1787840054343860500
Intermediate/Build/Win64/UnrealEditor/Inc/Constellation/UHT/SlimeClimbComponent.generated.h,3558,1785467113679813500
Intermediate/Build/Win64/UnrealEditor/Inc/Constellation/UHT/SteepSlopeMovementComponent.gen.cpp,15965,1785467113764814200
Intermediate/Build/Win64/UnrealEditor/Inc/Constellation/UHT/SteepSlopeMovementComponent.generated.h,3291,1785467113763814700
Intermediate/Build/Win64/UnrealEditor/Inc/Constellation/UHT/SubwayTravelSubsystem.gen.cpp,6389,1790707726576410100
Intermediate/Build/Win64/UnrealEditor/Inc/Constellation/UHT/SubwayTravelSubsystem.generated.h,3324,1790707726575410300
Intermediate/Build/Win64/UnrealEditor/Inc/Constellation/UHT/SubwayTravelVolume.gen.cpp,9880,1790707726623409900
Intermediate/Build/Win64/UnrealEditor/Inc/Constellation/UHT/SubwayTravelVolume.generated.h,3018,1790707726622410100
Intermediate/Build/Win64/UnrealEditor/Inc/Constellation/UHT/TutorialPromptWidget.gen.cpp,14433,1785467113789813500
Intermediate/Build/Win64/UnrealEditor/Inc/Constellation/UHT/TutorialPromptWidget.generated.h,3592,1785467113787814100
Intermediate/Build/Win64/UnrealGame/Inc/Constellation/UHT/Constellation.init.gen.cpp,4200,1788200674960199900
Intermediate/Build/Win64/UnrealGame/Inc/Constellation/UHT/ConstellationClasses.h,353,1785467221587458900
Intermediate/Build/Win64/UnrealGame/Inc/Constellation/UHT/ConstellationSaveGame.gen.cpp,12848,1787756100699450300
Intermediate/Build/Win64/UnrealGame/Inc/Constellation/UHT/ConstellationSaveGame.generated.h,3311,1787756100696449800
Intermediate/Build/Win64/UnrealGame/Inc/Constellation/UHT/CurrencySubsystem.gen.cpp,95325,1786299179074654300
Intermediate/Build/Win64/UnrealGame/Inc/Constellation/UHT/CurrencySubsystem.generated.h,4289,1786299179052654100
Intermediate/Build/Win64/UnrealGame/Inc/Constellation/UHT/MyCharacter.gen.cpp,5726,1785467221584458800
Intermediate/Build/Win64/UnrealGame/Inc/Constellation/UHT/MyCharacter.generated.h,2845,1785467221583458600
Intermediate/Build/Win64/UnrealGame/Inc/Constellation/UHT/MyWorldSubsystem.gen.cpp,6033,1785467221492458500
Intermediate/Build/Win64/UnrealGame/Inc/Constellation/UHT/MyWorldSubsystem.generated.h,3172,1785467221489458800
Intermediate/Build/Win64/UnrealGame/Inc/Constellation/UHT/QuestDatabase.gen.cpp,8161,1787756100507450100
Intermediate/Build/Win64/UnrealGame/Inc/Constellation/UHT/QuestDatabase.generated.h,3080,1787756100504938400
Intermediate/Build/Win64/UnrealGame/Inc/Constellation/UHT/QuestDefinition.gen.cpp,25521,1788200674848573100
Intermediate/Build/Win64/UnrealGame/Inc/Constellation/UHT/QuestDefinition.generated.h,3712,1787756100498938000
Intermediate/Build/Win64/UnrealGame/Inc/Constellation/UHT/QuestLogWidget.gen.cpp,26414,1788200674945249600
Intermediate/Build/Win64/UnrealGame/Inc/Constellation/UHT/QuestLogWidget.generated.h,3889,1787756100616450200
Intermediate/Build/Win64/UnrealGame/Inc/Constellation/UHT/QuestMarkerWidget.gen.cpp,33011,1788200674942259500
Intermediate/Build/Win64/UnrealGame/Inc/Constellation/UHT/QuestMarkerWidget.generated.h,3981,1788200674940266700
Intermediate/Build/Win64/UnrealGame/Inc/Constellation/UHT/QuestSubsystem.gen.cpp,173266,1788200674864520400
Intermediate/Build/Win64/UnrealGame/Inc/Constellation/UHT/QuestSubsystem.generated.h,4871,1788200674859536600
Intermediate/Build/Win64/UnrealGame/Inc/Constellation/UHT/QuestTargetMarker.gen.cpp,14179,1788200674901397600
Intermediate/Build/Win64/UnrealGame/Inc/Constellation/UHT/QuestTargetMarker.generated.h,3297,1788200674900400400
Intermediate/Build/Win64/UnrealGame/Inc/Constellation/UHT/QuestTrackerWidget.gen.cpp,30204,1788200674937276500
Intermediate/Build/Win64/UnrealGame/Inc/Constellation/UHT/QuestTrackerWidget.generated.h,4083,1788200674936279400
Intermediate/Build/Win64/UnrealGame/Inc/Constellation/UHT/QuestTypes.gen.cpp,48276,1788200674798990600
Intermediate/Build/Win64/UnrealGame/Inc/Constellation/UHT/QuestTypes.generated.h,4919,1788200674772080200
Intermediate/Build/Win64/UnrealGame/Inc/Constellation/UHT/SlimeClimbComponent.gen.cpp,53235,1788200674876480300
Intermediate/Build/Win64/UnrealGame/Inc/Constellation/UHT/SlimeClimbComponent.generated.h,3558,1785467221496459200
Intermediate/Build/Win64/UnrealGame/Inc/Constellation/UHT/SteepSlopeMovementComponent.gen.cpp,15965,1785467221578458400
Intermediate/Build/Win64/UnrealGame/Inc/Constellation/UHT/SteepSlopeMovementComponent.generated.h,3291,1785467221577458600
Intermediate/Build/Win64/UnrealGame/Inc/Constellation/UHT/TutorialPromptWidget.gen.cpp,14433,1785467221550459100
Intermediate/Build/Win64/UnrealGame/Inc/Constellation/UHT/TutorialPromptWidget.generated.h,3592,1785467221549458500
Intermediate/Build/Win64/x64/Constellation/ActionHistory.bin,2302,1788202371398231300
Intermediate/Build/Win64/x64/Constellation/Development/Constellation-Default.rc2,3172,1785062524350806900
Intermediate/Build/Win64/x64/Constellation/Development/Constellation-Default.rc2.res,24976,1785467222104466800
Intermediate/Build/Win64/x64/Constellation/Development/Constellation-Default.rc2.res.rsp,3328,1785467220970555800
Intermediate/Build/Win64/x64/Constellation/Development/Constellation.exe.rsp,145997,1788701340607928300
Intermediate/Build/Win64/x64/Constellation/Development/Constellation.exe.rsp.old,145997,1788201008513726800
Intermediate/Build/Win64/x64/Constellation/Development/DependencyCache.bin,84954,1785467754348298500
Intermediate/Build/Win64/x64/Constellation/Development/Makefile.bin,2689913,1788701340851049700
Intermediate/Build/Win64/x64/Constellation/Development/TargetMetadata.json,132370,1786991522117883900
Intermediate/Build/Win64/x64/Constellation/Development/Core/SharedDefinitions.Core.Cpp20.h,4008,1785467219967555600
Intermediate/Build/Win64/x64/Constellation/Development/Core/SharedDefinitions.Core.Exceptions.Cpp20.h,4019,1785467220035555600
Intermediate/Build/Win64/x64/Constellation/Development/Core/SharedPCH.Core.Cpp20.cpp,114,1785467220024555500
Intermediate/Build/Win64/x64/Constellation/Development/Core/SharedPCH.Core.Cpp20.h,333,1785467219969555900
Intermediate/Build/Win64/x64/Constellation/Development/Core/SharedPCH.Core.Cpp20.h.obj.rsp,2007,1785467220032555600
Intermediate/Build/Win64/x64/Constellation/Development/Core/SharedPCH.Core.Exceptions.Cpp20.cpp,125,1785467220041555500
Intermediate/Build/Win64/x64/Constellation/Development/Core/SharedPCH.Core.Exceptions.Cpp20.h,344,1785467220035555600
Intermediate/Build/Win64/x64/Constellation/Development/Core/SharedPCH.Core.Exceptions.Cpp20.h.obj.rsp,2059,1785467220036555800
Intermediate/Build/Win64/x64/Constellation/Development/CoreUObject/SharedDefinitions.CoreUObject.Cpp20.h,4237,1785467220041555500
Intermediate/Build/Win64/x64/Constellation/Development/CoreUObject/SharedDefinitions.CoreUObject.RTTI.Exceptions.Cpp20.h,4253,1785467220047557300
Intermediate/Build/Win64/x64/Constellation/Development/CoreUObject/SharedPCH.CoreUObject.Cpp20.cpp,121,1785467220047557300
Intermediate/Build/Win64/x64/Constellation/Development/CoreUObject/SharedPCH.CoreUObject.Cpp20.h,354,1785467220045555900
Intermediate/Build/Win64/x64/Constellation/Development/CoreUObject/SharedPCH.CoreUObject.Cpp20.h.obj.rsp,2434,1785467220047557300
Intermediate/Build/Win64/x64/Constellation/Development/CoreUObject/SharedPCH.CoreUObject.RTTI.Exceptions.Cpp20.cpp,137,1785467220049556700
Intermediate/Build/Win64/x64/Constellation/Development/CoreUObject/SharedPCH.CoreUObject.RTTI.Exceptions.Cpp20.h,370,1785467220048557300
Intermediate/Build/Win64/x64/Constellation/Development/CoreUObject/SharedPCH.CoreUObject.RTTI.Exceptions.Cpp20.h.obj.rsp,2515,1785467220050557400
Intermediate/Build/Win64/x64/Constellation/Development/Engine/SharedDefinitions.Engine.Cpp20.h,9515,1785467220053556900
Intermediate/Build/Win64/x64/Constellation/Development/Engine/SharedDefinitions.Engine.Exceptions.Cpp20.h,9526,1785467220059556800
Intermediate/Build/Win64/x64/Constellation/Development/Engine/SharedDefinitions.Engine.Project.ValApi.ValExpApi.Cpp20.h,9632,1785467220056556500
Intermediate/Build/Win64/x64/Constellation/Development/Engine/SharedPCH.Engine.Cpp20.cpp,116,1785467220056556500
Intermediate/Build/Win64/x64/Constellation/Development/Engine/SharedPCH.Engine.Cpp20.h,339,1785467220054557200
Intermediate/Build/Win64/x64/Constellation/Development/Engine/SharedPCH.Engine.Cpp20.h.obj.rsp,8031,1785467220056556500
Intermediate/Build/Win64/x64/Constellation/Development/Engine/SharedPCH.Engine.Exceptions.Cpp20.cpp,127,1785467220061556400
Intermediate/Build/Win64/x64/Constellation/Development/Engine/SharedPCH.Engine.Exceptions.Cpp20.h,350,1785467220060556800
Intermediate/Build/Win64/x64/Constellation/Development/Engine/SharedPCH.Engine.Exceptions.Cpp20.h.obj.rsp,8083,1785467220061556400
Intermediate/Build/Win64/x64/Constellation/Development/Engine/SharedPCH.Engine.Project.ValApi.ValExpApi.Cpp20.cpp,141,1785467220059556800
Intermediate/Build/Win64/x64/Constellation/Development/Engine/SharedPCH.Engine.Project.ValApi.ValExpApi.Cpp20.h,364,1785467220057557600
Intermediate/Build/Win64/x64/Constellation/Development/Engine/SharedPCH.Engine.Project.ValApi.ValExpApi.Cpp20.h.dep.json,281152,1785467246056484500
Intermediate/Build/Win64/x64/Constellation/Development/Engine/SharedPCH.Engine.Project.ValApi.ValExpApi.Cpp20.h.obj,60964983,1785467248226340700
Intermediate/Build/Win64/x64/Constellation/Development/Engine/SharedPCH.Engine.Project.ValApi.ValExpApi.Cpp20.h.obj.rsp,8181,1785467220059556800
Intermediate/Build/Win64/x64/Constellation/Development/Engine/SharedPCH.Engine.Project.ValApi.ValExpApi.Cpp20.h.pch,2153775104,1785467244849484700
Intermediate/Build/Win64/x64/Constellation/Development/Engine/SharedPCH.Engine.Project.ValApi.ValExpApi.Cpp20.h.sarif,572,1785467246852485000
Intermediate/Build/Win64/x64/Constellation/Development/Slate/SharedDefinitions.Slate.Cpp20.h,5027,1785467220050557400
Intermediate/Build/Win64/x64/Constellation/Development/Slate/SharedPCH.Slate.Cpp20.cpp,115,1785467220053556900
Intermediate/Build/Win64/x64/Constellation/Development/Slate/SharedPCH.Slate.Cpp20.h,336,1785467220050557400
Intermediate/Build/Win64/x64/Constellation/Development/Slate/SharedPCH.Slate.Cpp20.h.obj.rsp,3128,1785467220053556900
Intermediate/Build/Win64/x64/Constellation/Shipping/Constellation-Win64-Shipping-Default.rc2,3172,1785062524350806900
Intermediate/Build/Win64/x64/Constellation/Shipping/Constellation-Win64-Shipping-Default.rc2.res,25104,1788202419473723200
Intermediate/Build/Win64/x64/Constellation/Shipping/Constellation-Win64-Shipping-Default.rc2.res.rsp,3463,1788202022541336000
Intermediate/Build/Win64/x64/Constellation/Shipping/Constellation-Win64-Shipping.exe.rsp,137730,1789318179321039300
Intermediate/Build/Win64/x64/Constellation/Shipping/Constellation-Win64-Shipping.exe.rsp.old,137730,1788202022549308600
Intermediate/Build/Win64/x64/Constellation/Shipping/DependencyCache.bin,84622,1789318198751808400
Intermediate/Build/Win64/x64/Constellation/Shipping/Makefile.bin,2558652,1789318179556038300
Intermediate/Build/Win64/x64/Constellation/Shipping/TargetMetadata.json,131329,1788202022712760900
Intermediate/Build/Win64/x64/Constellation/Shipping/Core/SharedDefinitions.Core.Cpp20.h,3689,1788202022307611700
Intermediate/Build/Win64/x64/Constellation/Shipping/Core/SharedDefinitions.Core.Exceptions.Cpp20.h,3700,1788202022370401400
Intermediate/Build/Win64/x64/Constellation/Shipping/Core/SharedPCH.Core.Cpp20.cpp,114,1788202022360434500
Intermediate/Build/Win64/x64/Constellation/Shipping/Core/SharedPCH.Core.Cpp20.h,333,1788202022308608000
Intermediate/Build/Win64/x64/Constellation/Shipping/Core/SharedPCH.Core.Cpp20.h.obj.rsp,2039,1788202022368408000
Intermediate/Build/Win64/x64/Constellation/Shipping/Core/SharedPCH.Core.Exceptions.Cpp20.cpp,125,1788202022372395300
Intermediate/Build/Win64/x64/Constellation/Shipping/Core/SharedPCH.Core.Exceptions.Cpp20.h,344,1788202022371398200
Intermediate/Build/Win64/x64/Constellation/Shipping/Core/SharedPCH.Core.Exceptions.Cpp20.h.obj.rsp,2091,1788202022372395300
Intermediate/Build/Win64/x64/Constellation/Shipping/CoreUObject/SharedDefinitions.CoreUObject.Cpp20.h,3918,1788202022372395300
Intermediate/Build/Win64/x64/Constellation/Shipping/CoreUObject/SharedDefinitions.CoreUObject.RTTI.Exceptions.Cpp20.h,3934,1788202022381365500
Intermediate/Build/Win64/x64/Constellation/Shipping/CoreUObject/SharedPCH.CoreUObject.Cpp20.cpp,121,1788202022381365500
Intermediate/Build/Win64/x64/Constellation/Shipping/CoreUObject/SharedPCH.CoreUObject.Cpp20.h,354,1788202022374387800
Intermediate/Build/Win64/x64/Constellation/Shipping/CoreUObject/SharedPCH.CoreUObject.Cpp20.h.obj.rsp,2466,1788202022381365500
Intermediate/Build/Win64/x64/Constellation/Shipping/CoreUObject/SharedPCH.CoreUObject.RTTI.Exceptions.Cpp20.cpp,137,1788202022384355200
Intermediate/Build/Win64/x64/Constellation/Shipping/CoreUObject/SharedPCH.CoreUObject.RTTI.Exceptions.Cpp20.h,370,1788202022383358600
Intermediate/Build/Win64/x64/Constellation/Shipping/CoreUObject/SharedPCH.CoreUObject.RTTI.Exceptions.Cpp20.h.obj.rsp,2547,1788202022384355200
Intermediate/Build/Win64/x64/Constellation/Shipping/Engine/SharedDefinitions.Engine.Cpp20.h,9162,1788202022387345200
Intermediate/Build/Win64/x64/Constellation/Shipping/Engine/SharedDefinitions.Engine.Exceptions.Cpp20.h,9173,1788202022398309200
Intermediate/Build/Win64/x64/Constellation/Shipping/Engine/SharedDefinitions.Engine.Project.ValApi.ValExpApi.Cpp20.h,9279,1788202022394322200
Intermediate/Build/Win64/x64/Constellation/Shipping/Engine/SharedPCH.Engine.Cpp20.cpp,116,1788202022394322200
Intermediate/Build/Win64/x64/Constellation/Shipping/Engine/SharedPCH.Engine.Cpp20.h,339,1788202022388341800
Intermediate/Build/Win64/x64/Constellation/Shipping/Engine/SharedPCH.Engine.Cpp20.h.obj.rsp,8063,1788202022394322200
Intermediate/Build/Win64/x64/Constellation/Shipping/Engine/SharedPCH.Engine.Exceptions.Cpp20.cpp,127,1788202022402296100
Intermediate/Build/Win64/x64/Constellation/Shipping/Engine/SharedPCH.Engine.Exceptions.Cpp20.h,350,1788202022400301600
Intermediate/Build/Win64/x64/Constellation/Shipping/Engine/SharedPCH.Engine.Exceptions.Cpp20.h.obj.rsp,8115,1788202022402296100
Intermediate/Build/Win64/x64/Constellation/Shipping/Engine/SharedPCH.Engine.Project.ValApi.ValExpApi.Cpp20.cpp,141,1788202022396315500
Intermediate/Build/Win64/x64/Constellation/Shipping/Engine/SharedPCH.Engine.Project.ValApi.ValExpApi.Cpp20.h,364,1788202022395319000
Intermediate/Build/Win64/x64/Constellation/Shipping/Engine/SharedPCH.Engine.Project.ValApi.ValExpApi.Cpp20.h.dep.json,280237,1788202396559000200
Intermediate/Build/Win64/x64/Constellation/Shipping/Engine/SharedPCH.Engine.Project.ValApi.ValExpApi.Cpp20.h.obj,56200843,1788202398657469900
Intermediate/Build/Win64/x64/Constellation/Shipping/Engine/SharedPCH.Engine.Project.ValApi.ValExpApi.Cpp20.h.obj.rsp,8213,1788202022398309200
Intermediate/Build/Win64/x64/Constellation/Shipping/Engine/SharedPCH.Engine.Project.ValApi.ValExpApi.Cpp20.h.pch,1881145312,1788202395067003900
Intermediate/Build/Win64/x64/Constellation/Shipping/Engine/SharedPCH.Engine.Project.ValApi.ValExpApi.Cpp20.h.sarif,572,1788202397389442400
Intermediate/Build/Win64/x64/Constellation/Shipping/Slate/SharedDefinitions.Slate.Cpp20.h,4674,1788202022385351600
Intermediate/Build/Win64/x64/Constellation/Shipping/Slate/SharedPCH.Slate.Cpp20.cpp,115,1788202022387345200
Intermediate/Build/Win64/x64/Constellation/Shipping/Slate/SharedPCH.Slate.Cpp20.h,336,1788202022386348500
Intermediate/Build/Win64/x64/Constellation/Shipping/Slate/SharedPCH.Slate.Cpp20.h.obj.rsp,3160,1788202022387345200
Intermediate/Build/Win64/x64/ConstellationEditor/ActionHistory.bin,855,1785467114093813200
Intermediate/Build/Win64/x64/ConstellationEditor/Development/DependencyCache.bin,93499,1788200266038878300
Intermediate/Build/Win64/x64/ConstellationEditor/Development/Makefile.bin,5794725,1790707944217582100
Intermediate/Build/Win64/x64/ConstellationEditor/Development/Metadata-HotReload.json,1058725,1788202371357368500
Intermediate/Build/Win64/x64/ConstellationEditor/Development/TargetMetadata.json,1058720,1788190409351294800
Intermediate/Build/Win64/x64/ConstellationEditor/Development/Core/SharedDefinitions.Core.Cpp20.h,3985,1788190408405394600
Intermediate/Build/Win64/x64/ConstellationEditor/Development/Core/SharedPCH.Core.Cpp20.cpp,114,1788190408464372800
Intermediate/Build/Win64/x64/ConstellationEditor/Development/Core/SharedPCH.Core.Cpp20.h,333,1788190408406919600
Intermediate/Build/Win64/x64/ConstellationEditor/Development/Core/SharedPCH.Core.Cpp20.h.obj.rsp,2037,1788190408471348600
Intermediate/Build/Win64/x64/ConstellationEditor/Development/CoreUObject/SharedDefinitions.CoreUObject.Cpp20.h,4271,1788190408474338300
Intermediate/Build/Win64/x64/ConstellationEditor/Development/CoreUObject/SharedDefinitions.CoreUObject.RTTI.Cpp20.h,4276,1788190408476332100
Intermediate/Build/Win64/x64/ConstellationEditor/Development/CoreUObject/SharedPCH.CoreUObject.Cpp20.cpp,121,1788190408476332100
Intermediate/Build/Win64/x64/ConstellationEditor/Development/CoreUObject/SharedPCH.CoreUObject.Cpp20.h,354,1788190408475336000
Intermediate/Build/Win64/x64/ConstellationEditor/Development/CoreUObject/SharedPCH.CoreUObject.Cpp20.h.obj.rsp,2468,1788190408476332100
Intermediate/Build/Win64/x64/ConstellationEditor/Development/CoreUObject/SharedPCH.CoreUObject.RTTI.Cpp20.cpp,126,1788190408482312600
Intermediate/Build/Win64/x64/ConstellationEditor/Development/CoreUObject/SharedPCH.CoreUObject.RTTI.Cpp20.h,359,1788190408478325100
Intermediate/Build/Win64/x64/ConstellationEditor/Development/CoreUObject/SharedPCH.CoreUObject.RTTI.Cpp20.h.obj.rsp,2497,1788190408483309500
Intermediate/Build/Win64/x64/ConstellationEditor/Development/Engine/SharedDefinitions.Engine.Cpp20.h,20249,1788190408486298900
Intermediate/Build/Win64/x64/ConstellationEditor/Development/Engine/SharedDefinitions.Engine.Project.ValApi.ValExpApi.Cpp20.h,20366,1788190408489288700
Intermediate/Build/Win64/x64/ConstellationEditor/Development/Engine/SharedPCH.Engine.Cpp20.cpp,116,1788190408488292400
Intermediate/Build/Win64/x64/ConstellationEditor/Development/Engine/SharedPCH.Engine.Cpp20.h,339,1788190408487296100
Intermediate/Build/Win64/x64/ConstellationEditor/Development/Engine/SharedPCH.Engine.Cpp20.h.obj.rsp,17371,1788190408488292400
Intermediate/Build/Win64/x64/ConstellationEditor/Development/Engine/SharedPCH.Engine.Project.ValApi.ValExpApi.Cpp20.cpp,141,1788190408491281900
Intermediate/Build/Win64/x64/ConstellationEditor/Development/Engine/SharedPCH.Engine.Project.ValApi.ValExpApi.Cpp20.h,364,1788190408490286300
Intermediate/Build/Win64/x64/ConstellationEditor/Development/Engine/SharedPCH.Engine.Project.ValApi.ValExpApi.Cpp20.h.obj.rsp,17521,1788190408491281900
Intermediate/Build/Win64/x64/ConstellationEditor/Development/Slate/SharedDefinitions.Slate.Cpp20.h,5213,1788190408484306100
Intermediate/Build/Win64/x64/ConstellationEditor/Development/Slate/SharedPCH.Slate.Cpp20.cpp,115,1788190408486298900
Intermediate/Build/Win64/x64/ConstellationEditor/Development/Slate/SharedPCH.Slate.Cpp20.h,336,1788190408484306100
Intermediate/Build/Win64/x64/ConstellationEditor/Development/Slate/SharedPCH.Slate.Cpp20.h.obj.rsp,3172,1788190408486298900
Intermediate/Build/Win64/x64/ConstellationEditor/Development/UnrealEd/SharedDefinitions.UnrealEd.Cpp20.h,20251,1788190408492279600
Intermediate/Build/Win64/x64/ConstellationEditor/Development/UnrealEd/SharedDefinitions.UnrealEd.Project.ValApi.ValExpApi.Cpp20.h,20368,1788190408560223100
Intermediate/Build/Win64/x64/ConstellationEditor/Development/UnrealEd/SharedDefinitions.UnrealEd.RTTI.Cpp20.h,20256,1788190408494272200
Intermediate/Build/Win64/x64/ConstellationEditor/Development/UnrealEd/SharedPCH.UnrealEd.Cpp20.cpp,118,1788190408493275600
Intermediate/Build/Win64/x64/ConstellationEditor/Development/UnrealEd/SharedPCH.UnrealEd.Cpp20.h,345,1788190408492279600
Intermediate/Build/Win64/x64/ConstellationEditor/Development/UnrealEd/SharedPCH.UnrealEd.Cpp20.h.obj.rsp,17393,1788190408494272200
Intermediate/Build/Win64/x64/ConstellationEditor/Development/UnrealEd/SharedPCH.UnrealEd.Project.ValApi.ValExpApi.Cpp20.cpp,143,1788190408563213000
Intermediate/Build/Win64/x64/ConstellationEditor/Development/UnrealEd/SharedPCH.UnrealEd.Project.ValApi.ValExpApi.Cpp20.h,370,1788190408561220000
Intermediate/Build/Win64/x64/ConstellationEditor/Development/UnrealEd/SharedPCH.UnrealEd.Project.ValApi.ValExpApi.Cpp20.h.dep.json,301636,1788190441437610000
Intermediate/Build/Win64/x64/ConstellationEditor/Development/UnrealEd/SharedPCH.UnrealEd.Project.ValApi.ValExpApi.Cpp20.h.obj,74187371,1788190444407392700
Intermediate/Build/Win64/x64/ConstellationEditor/Development/UnrealEd/SharedPCH.UnrealEd.Project.ValApi.ValExpApi.Cpp20.h.obj.rsp,17543,1788190408563213000
Intermediate/Build/Win64/x64/ConstellationEditor/Development/UnrealEd/SharedPCH.UnrealEd.Project.ValApi.ValExpApi.Cpp20.h.pch,2575433688,1788190440041541000
Intermediate/Build/Win64/x64/ConstellationEditor/Development/UnrealEd/SharedPCH.UnrealEd.Project.ValApi.ValExpApi.Cpp20.h.sarif,572,1788190442390930900
Intermediate/Build/Win64/x64/ConstellationEditor/Development/UnrealEd/SharedPCH.UnrealEd.RTTI.Cpp20.cpp,123,1788190408495268700
Intermediate/Build/Win64/x64/ConstellationEditor/Development/UnrealEd/SharedPCH.UnrealEd.RTTI.Cpp20.h,350,1788190408495268700
Intermediate/Build/Win64/x64/ConstellationEditor/Development/UnrealEd/SharedPCH.UnrealEd.RTTI.Cpp20.h.obj.rsp,17422,1788190408496336000
Intermediate/Build/Win64/x64/UnrealEditor/ActionHistory.bin,15087,1790707726983409900
Intermediate/Build/Win64/x64/UnrealEditor/Development/DependencyCache.bin,11830,1790707946137580300
Intermediate/Build/Win64/x64/UnrealEditor/Development/FileHashCache.bin,767,1790707780339103500
Intermediate/Build/Win64/x64/UnrealEditor/Development/Constellation/Constellation.Shared.rsp,15970,1788190408566202900
Intermediate/Build/Win64/x64/UnrealEditor/Development/Constellation/Default.rc2.res,25012,1788190411005428200
Intermediate/Build/Win64/x64/UnrealEditor/Development/Constellation/Default.rc2.res.rsp,3171,1788190408626527300
Intermediate/Build/Win64/x64/UnrealEditor/Development/Constellation/Definitions.Constellation.h,984,1788190408563213000
Intermediate/Build/Win64/x64/UnrealEditor/Development/Constellation/LiveCodingInfo.json,1339,1790707724169850700
Intermediate/Build/Win64/x64/UnrealEditor/Development/Constellation/LiveCodingInfo.json.old,1189,1788629214157390600
Intermediate/Build/Win64/x64/UnrealEditor/Development/Constellation/Module.Constellation.cpp,4603,1790707724157849800
Intermediate/Build/Win64/x64/UnrealEditor/Development/Constellation/Module.Constellation.cpp.dep.json,29156,1790708873826756900
Intermediate/Build/Win64/x64/UnrealEditor/Development/Constellation/Module.Constellation.cpp.obj,5106096,1790708875392970400
Intermediate/Build/Win64/x64/UnrealEditor/Development/Constellation/Module.Constellation.cpp.obj.rsp,1547,1788190408583653700
Intermediate/Build/Win64/x64/UnrealEditor/Development/Constellation/Module.Constellation.cpp.old,4296,1788629214148090400
Intermediate/Build/Win64/x64/UnrealEditor/Development/Constellation/Module.Constellation.cpp.sarif,572,1790708874060755200
Intermediate/Build/Win64/x64/UnrealEditor/Development/Constellation/PerModuleInline.gen.cpp,301,1788190408567200300
Intermediate/Build/Win64/x64/UnrealEditor/Development/Constellation/QuestMarkerWidget.cpp.dep.json,12492,1788190448510252400
Intermediate/Build/Win64/x64/UnrealEditor/Development/Constellation/QuestMarkerWidget.cpp.lc.dep.json,12492,1788200265041648900
Intermediate/Build/Win64/x64/UnrealEditor/Development/Constellation/QuestMarkerWidget.cpp.lc.obj,1610857,1788200265711456700
Intermediate/Build/Win64/x64/UnrealEditor/Development/Constellation/QuestMarkerWidget.cpp.obj,1610520,1788190449066369900
Intermediate/Build/Win64/x64/UnrealEditor/Development/Constellation/QuestMarkerWidget.cpp.obj.lc.rsp,1493,1788200255897084000
Intermediate/Build/Win64/x64/UnrealEditor/Development/Constellation/QuestMarkerWidget.cpp.obj.rsp,1488,1788190408585645900
Intermediate/Build/Win64/x64/UnrealEditor/Development/Constellation/QuestMarkerWidget.cpp.sarif,572,1788200265329347900
Intermediate/Build/Win64/x64/UnrealEditor/Development/Constellation/QuestTargetMarker.cpp.dep.json,1548,1788202404290260400
Intermediate/Build/Win64/x64/UnrealEditor/Development/Constellation/QuestTargetMarker.cpp.obj,656103,1788202405605741400
Intermediate/Build/Win64/x64/UnrealEditor/Development/Constellation/QuestTargetMarker.cpp.obj.rsp,1488,1788202022454624400
Intermediate/Build/Win64/x64/UnrealEditor/Development/Constellation/QuestTargetMarker.cpp.sarif,572,1788202405330152700
Intermediate/Build/Win64/x64/UnrealEditor/Development/Constellation/SubwayTravelSubsystem.cpp.dep.json,6956,1790708871392758500
Intermediate/Build/Win64/x64/UnrealEditor/Development/Constellation/SubwayTravelSubsystem.cpp.obj,1234799,1790708872176757200
Intermediate/Build/Win64/x64/UnrealEditor/Development/Constellation/SubwayTravelSubsystem.cpp.obj.rsp,1504,1790707724160850500
Intermediate/Build/Win64/x64/UnrealEditor/Development/Constellation/SubwayTravelSubsystem.cpp.sarif,572,1790708871654758200
Intermediate/Build/Win64/x64/UnrealEditor/Development/Constellation/SubwayTravelVolume.cpp.dep.json,5243,1790708871374759100
Intermediate/Build/Win64/x64/UnrealEditor/Development/Constellation/SubwayTravelVolume.cpp.obj,852843,1790708872125758000
Intermediate/Build/Win64/x64/UnrealEditor/Development/Constellation/SubwayTravelVolume.cpp.obj.rsp,1492,1790707724160850500
Intermediate/Build/Win64/x64/UnrealEditor/Development/Constellation/SubwayTravelVolume.cpp.sarif,572,1790708871654758200
Intermediate/Build/Win64/x64/UnrealEditor/Development/Constellation/UnrealEditor-Constellation-0001.dll.rsp,2892,1788202371182351700
Intermediate/Build/Win64/x64/UnrealEditor/Development/Constellation/UnrealEditor-Constellation-0001.exp,110914,1788202407041051200
Intermediate/Build/Win64/x64/UnrealEditor/Development/Constellation/UnrealEditor-Constellation-0001.lib.rsp,821,1788202371181354600
Intermediate/Build/Win64/x64/UnrealEditor/Development/Constellation/UnrealEditor-Constellation.dll.rsp,3037,1790707724221850300
Intermediate/Build/Win64/x64/UnrealEditor/Development/Constellation/UnrealEditor-Constellation.dll.rsp.old,2732,1788629214199793800
Intermediate/Build/Win64/x64/UnrealEditor/Development/Constellation/UnrealEditor-Constellation.exp,120821,1790708875561969600
Intermediate/Build/Win64/x64/UnrealEditor/Development/Constellation/UnrealEditor-Constellation.lib,204086,1790708875563969500
Intermediate/Build/Win64/x64/UnrealEditor/Development/Constellation/UnrealEditor-Constellation.lib.rsp,966,1790707724205849500
Intermediate/Build/Win64/x64/UnrealEditor/Development/Constellation/UnrealEditor-Constellation.lib.rsp.old,661,1788629214190824000
Intermediate/Build/Win64/x64/UnrealGame/ActionHistory.bin,17008,1788202371398231300
Intermediate/Build/Win64/x64/UnrealGame/Development/DependencyCache.bin,14859,1788203487695589800
Intermediate/Build/Win64/x64/UnrealGame/Development/FileHashCache.bin,1142,1788200682935541800
Intermediate/Build/Win64/x64/UnrealGame/Development/Constellation/Constellation.cpp.dep.json,794,1785467252095162600
Intermediate/Build/Win64/x64/UnrealGame/Development/Constellation/Constellation.cpp.obj,515098,1785467252580161900
Intermediate/Build/Win64/x64/UnrealGame/Development/Constellation/Constellation.cpp.obj.rsp,1432,1785467220794556200
Intermediate/Build/Win64/x64/UnrealGame/Development/Constellation/Constellation.cpp.sarif,572,1785467252277162000
Intermediate/Build/Win64/x64/UnrealGame/Development/Constellation/Constellation.Shared.rsp,7788,1785467220759557000
Intermediate/Build/Win64/x64/UnrealGame/Development/Constellation/ConstellationSaveGame.cpp.dep.json,1523,1788200678990558000
Intermediate/Build/Win64/x64/UnrealGame/Development/Constellation/ConstellationSaveGame.cpp.obj,471648,1788200679340906900
Intermediate/Build/Win64/x64/UnrealGame/Development/Constellation/ConstellationSaveGame.cpp.obj.rsp,1464,1786299174869663800
Intermediate/Build/Win64/x64/UnrealGame/Development/Constellation/ConstellationSaveGame.cpp.sarif,572,1788200679159006600
Intermediate/Build/Win64/x64/UnrealGame/Development/Constellation/CurrencySubsystem.cpp.dep.json,3470,1788200678990558000
Intermediate/Build/Win64/x64/UnrealGame/Development/Constellation/CurrencySubsystem.cpp.obj,953750,1788200679545223500
Intermediate/Build/Win64/x64/UnrealGame/Development/Constellation/CurrencySubsystem.cpp.obj.rsp,1448,1785467220794556200
Intermediate/Build/Win64/x64/UnrealGame/Development/Constellation/CurrencySubsystem.cpp.sarif,572,1788200679161997500
Intermediate/Build/Win64/x64/UnrealGame/Development/Constellation/Definitions.Constellation.h,1913,1785467220754556800
Intermediate/Build/Win64/x64/UnrealGame/Development/Constellation/LiveCodingInfo.json,666,1788200673621238500
Intermediate/Build/Win64/x64/UnrealGame/Development/Constellation/LiveCodingInfo.json.old,554,1787756098900431800
Intermediate/Build/Win64/x64/UnrealGame/Development/Constellation/Module.Constellation.gen.cpp,2490,1788200673608281200
Intermediate/Build/Win64/x64/UnrealGame/Development/Constellation/Module.Constellation.gen.cpp.dep.json,22984,1788200680282754000
Intermediate/Build/Win64/x64/UnrealGame/Development/Constellation/Module.Constellation.gen.cpp.obj,3158652,1788200681024345200
Intermediate/Build/Win64/x64/UnrealGame/Development/Constellation/Module.Constellation.gen.cpp.obj.rsp,1521,1785467220793556100
Intermediate/Build/Win64/x64/UnrealGame/Development/Constellation/Module.Constellation.gen.cpp.old,2042,1787756098868428100
Intermediate/Build/Win64/x64/UnrealGame/Development/Constellation/Module.Constellation.gen.cpp.sarif,572,1788200680467152100
Intermediate/Build/Win64/x64/UnrealGame/Development/Constellation/MyCharacter.cpp.dep.json,5791,1785467252587161600
Intermediate/Build/Win64/x64/UnrealGame/Development/Constellation/MyCharacter.cpp.obj,832137,1785467253053162400
Intermediate/Build/Win64/x64/UnrealGame/Development/Constellation/MyCharacter.cpp.obj.rsp,1424,1785467220800556400
Intermediate/Build/Win64/x64/UnrealGame/Development/Constellation/MyCharacter.cpp.sarif,572,1785467252764161400
Intermediate/Build/Win64/x64/UnrealGame/Development/Constellation/MyWorldSubsystem.cpp.dep.json,969,1785467252122161700
Intermediate/Build/Win64/x64/UnrealGame/Development/Constellation/MyWorldSubsystem.cpp.obj,452236,1785467252591162100
Intermediate/Build/Win64/x64/UnrealGame/Development/Constellation/MyWorldSubsystem.cpp.obj.rsp,1444,1785467220801556600
Intermediate/Build/Win64/x64/UnrealGame/Development/Constellation/MyWorldSubsystem.cpp.sarif,572,1785467252305162000
Intermediate/Build/Win64/x64/UnrealGame/Development/Constellation/QuestDatabase.cpp.dep.json,960,1787756105375303900
Intermediate/Build/Win64/x64/UnrealGame/Development/Constellation/QuestDatabase.cpp.obj,460688,1787756106095744400
Intermediate/Build/Win64/x64/UnrealGame/Development/Constellation/QuestDatabase.cpp.obj.rsp,1432,1787756098872427600
Intermediate/Build/Win64/x64/UnrealGame/Development/Constellation/QuestDatabase.cpp.sarif,572,1787756105775019200
Intermediate/Build/Win64/x64/UnrealGame/Development/Constellation/QuestDefinition.cpp.dep.json,1240,1788200678990558000
Intermediate/Build/Win64/x64/UnrealGame/Development/Constellation/QuestDefinition.cpp.obj,478629,1788200679349877600
Intermediate/Build/Win64/x64/UnrealGame/Development/Constellation/QuestDefinition.cpp.obj.rsp,1440,1787756098873427400
Intermediate/Build/Win64/x64/UnrealGame/Development/Constellation/QuestDefinition.cpp.sarif,572,1788200679159006600
Intermediate/Build/Win64/x64/UnrealGame/Development/Constellation/QuestLogWidget.cpp.dep.json,12009,1788200679789154700
Intermediate/Build/Win64/x64/UnrealGame/Development/Constellation/QuestLogWidget.cpp.obj,1503110,1788200680281758000
Intermediate/Build/Win64/x64/UnrealGame/Development/Constellation/QuestLogWidget.cpp.obj.rsp,1436,1787756098874427200
Intermediate/Build/Win64/x64/UnrealGame/Development/Constellation/QuestLogWidget.cpp.sarif,572,1788200679948621800
Intermediate/Build/Win64/x64/UnrealGame/Development/Constellation/QuestMarkerWidget.cpp.dep.json,12294,1788200681674771400
Intermediate/Build/Win64/x64/UnrealGame/Development/Constellation/QuestMarkerWidget.cpp.obj,1507738,1788200682188022100
Intermediate/Build/Win64/x64/UnrealGame/Development/Constellation/QuestMarkerWidget.cpp.obj.rsp,1448,1788200673611271200
Intermediate/Build/Win64/x64/UnrealGame/Development/Constellation/QuestMarkerWidget.cpp.sarif,572,1788200681846165900
Intermediate/Build/Win64/x64/UnrealGame/Development/Constellation/QuestSubsystem.cpp.dep.json,4025,1788200681328246300
Intermediate/Build/Win64/x64/UnrealGame/Development/Constellation/QuestSubsystem.cpp.obj,1240744,1788200681890018200
Intermediate/Build/Win64/x64/UnrealGame/Development/Constellation/QuestSubsystem.cpp.obj.rsp,1436,1787756098893431300
Intermediate/Build/Win64/x64/UnrealGame/Development/Constellation/QuestSubsystem.cpp.sarif,572,1788200681461308900
Intermediate/Build/Win64/x64/UnrealGame/Development/Constellation/QuestTargetMarker.cpp.dep.json,1530,1788201010448844800
Intermediate/Build/Win64/x64/UnrealGame/Development/Constellation/QuestTargetMarker.cpp.obj,578236,1788201010784464400
Intermediate/Build/Win64/x64/UnrealGame/Development/Constellation/QuestTargetMarker.cpp.obj.rsp,1448,1788200673611271200
Intermediate/Build/Win64/x64/UnrealGame/Development/Constellation/QuestTargetMarker.cpp.sarif,572,1788201010565666000
Intermediate/Build/Win64/x64/UnrealGame/Development/Constellation/QuestTrackerWidget.cpp.dep.json,12021,1788200681929884800
Intermediate/Build/Win64/x64/UnrealGame/Development/Constellation/QuestTrackerWidget.cpp.obj,1487996,1788200682417254900
Intermediate/Build/Win64/x64/UnrealGame/Development/Constellation/QuestTrackerWidget.cpp.obj.rsp,1452,1788200673612268800
Intermediate/Build/Win64/x64/UnrealGame/Development/Constellation/QuestTrackerWidget.cpp.sarif,572,1788200682082376700
Intermediate/Build/Win64/x64/UnrealGame/Development/Constellation/SlimeClimbComponent.cpp.dep.json,6485,1788200682356458800
Intermediate/Build/Win64/x64/UnrealGame/Development/Constellation/SlimeClimbComponent.cpp.obj,1074064,1788200682799995200
Intermediate/Build/Win64/x64/UnrealGame/Development/Constellation/SlimeClimbComponent.cpp.obj.rsp,1456,1785467220802557100
Intermediate/Build/Win64/x64/UnrealGame/Development/Constellation/SlimeClimbComponent.cpp.sarif,572,1788200682493503800
Intermediate/Build/Win64/x64/UnrealGame/Development/Constellation/SteepSlopeMovementComponent.cpp.dep.json,6083,1785467252637161300
Intermediate/Build/Win64/x64/UnrealGame/Development/Constellation/SteepSlopeMovementComponent.cpp.obj,919531,1785467253162161600
Intermediate/Build/Win64/x64/UnrealGame/Development/Constellation/SteepSlopeMovementComponent.cpp.obj.rsp,1488,1785467220803556900
Intermediate/Build/Win64/x64/UnrealGame/Development/Constellation/SteepSlopeMovementComponent.cpp.sarif,572,1785467252812160700
Intermediate/Build/Win64/x64/UnrealGame/Development/Constellation/TutorialPromptWidget.cpp.dep.json,11471,1785467253235161600
Intermediate/Build/Win64/x64/UnrealGame/Development/Constellation/TutorialPromptWidget.cpp.obj,1366593,1785467253834162000
Intermediate/Build/Win64/x64/UnrealGame/Development/Constellation/TutorialPromptWidget.cpp.obj.rsp,1460,1785467220803556900
Intermediate/Build/Win64/x64/UnrealGame/Development/Constellation/TutorialPromptWidget.cpp.sarif,572,1785467253428162200
Intermediate/Build/Win64/x64/UnrealGame/Shipping/DependencyCache.bin,14584,1789318198750807900
Intermediate/Build/Win64/x64/UnrealGame/Shipping/FileHashCache.bin,1093,1788202022881198000
Intermediate/Build/Win64/x64/UnrealGame/Shipping/Constellation/Constellation.cpp.dep.json,788,1788202401853763700
Intermediate/Build/Win64/x64/UnrealGame/Shipping/Constellation/Constellation.cpp.obj,415887,1788202402162386500
Intermediate/Build/Win64/x64/UnrealGame/Shipping/Constellation/Constellation.cpp.obj.rsp,1408,1788202022494491900
Intermediate/Build/Win64/x64/UnrealGame/Shipping/Constellation/Constellation.cpp.sarif,572,1788202401978457900
Intermediate/Build/Win64/x64/UnrealGame/Shipping/Constellation/Constellation.Shared.rsp,7832,1788202022489508100
Intermediate/Build/Win64/x64/UnrealGame/Shipping/Constellation/ConstellationSaveGame.cpp.dep.json,1517,1788202405201565500
Intermediate/Build/Win64/x64/UnrealGame/Shipping/Constellation/ConstellationSaveGame.cpp.obj,389698,1788202405482643600
Intermediate/Build/Win64/x64/UnrealGame/Shipping/Constellation/ConstellationSaveGame.cpp.obj.rsp,1440,1788202022499475400
Intermediate/Build/Win64/x64/UnrealGame/Shipping/Constellation/ConstellationSaveGame.cpp.sarif,572,1788202405315202600
Intermediate/Build/Win64/x64/UnrealGame/Shipping/Constellation/CurrencySubsystem.cpp.dep.json,3464,1788202407702349700
Intermediate/Build/Win64/x64/UnrealGame/Shipping/Constellation/CurrencySubsystem.cpp.obj,743714,1788202408301866200
Intermediate/Build/Win64/x64/UnrealGame/Shipping/Constellation/CurrencySubsystem.cpp.obj.rsp,1424,1788202022500471700
Intermediate/Build/Win64/x64/UnrealGame/Shipping/Constellation/CurrencySubsystem.cpp.sarif,572,1788202407806999900
Intermediate/Build/Win64/x64/UnrealGame/Shipping/Constellation/Definitions.Constellation.h,1871,1788202022490504900
Intermediate/Build/Win64/x64/UnrealGame/Shipping/Constellation/Module.Constellation.gen.cpp,2490,1788202022492498200
Intermediate/Build/Win64/x64/UnrealGame/Shipping/Constellation/Module.Constellation.gen.cpp.dep.json,22581,1788202409522277700
Intermediate/Build/Win64/x64/UnrealGame/Shipping/Constellation/Module.Constellation.gen.cpp.obj,2895922,1788202410680042200
Intermediate/Build/Win64/x64/UnrealGame/Shipping/Constellation/Module.Constellation.gen.cpp.obj.rsp,1494,1788202022493494900
Intermediate/Build/Win64/x64/UnrealGame/Shipping/Constellation/Module.Constellation.gen.cpp.sarif,572,1788202409657824900
Intermediate/Build/Win64/x64/UnrealGame/Shipping/Constellation/MyCharacter.cpp.dep.json,5785,1788202409433050300
Intermediate/Build/Win64/x64/UnrealGame/Shipping/Constellation/MyCharacter.cpp.obj,744738,1788202409729093600
Intermediate/Build/Win64/x64/UnrealGame/Shipping/Constellation/MyCharacter.cpp.obj.rsp,1400,1788202022505455600
Intermediate/Build/Win64/x64/UnrealGame/Shipping/Constellation/MyCharacter.cpp.sarif,572,1788202409539221200
Intermediate/Build/Win64/x64/UnrealGame/Shipping/Constellation/MyWorldSubsystem.cpp.dep.json,963,1788202410747325000
Intermediate/Build/Win64/x64/UnrealGame/Shipping/Constellation/MyWorldSubsystem.cpp.obj,370766,1788202410977497100
Intermediate/Build/Win64/x64/UnrealGame/Shipping/Constellation/MyWorldSubsystem.cpp.obj.rsp,1420,1788202022502465300
Intermediate/Build/Win64/x64/UnrealGame/Shipping/Constellation/MyWorldSubsystem.cpp.sarif,572,1788202410850981600
Intermediate/Build/Win64/x64/UnrealGame/Shipping/Constellation/QuestDatabase.cpp.dep.json,954,1788202411631277500
Intermediate/Build/Win64/x64/UnrealGame/Shipping/Constellation/QuestDatabase.cpp.obj,378994,1788202411862014100
Intermediate/Build/Win64/x64/UnrealGame/Shipping/Constellation/QuestDatabase.cpp.obj.rsp,1408,1788202022504458600
Intermediate/Build/Win64/x64/UnrealGame/Shipping/Constellation/QuestDatabase.cpp.sarif,572,1788202411730944200
Intermediate/Build/Win64/x64/UnrealGame/Shipping/Constellation/QuestDefinition.cpp.dep.json,1234,1788202411935278300
Intermediate/Build/Win64/x64/UnrealGame/Shipping/Constellation/QuestDefinition.cpp.obj,391293,1788202412183318500
Intermediate/Build/Win64/x64/UnrealGame/Shipping/Constellation/QuestDefinition.cpp.obj.rsp,1416,1788202022507448400
Intermediate/Build/Win64/x64/UnrealGame/Shipping/Constellation/QuestDefinition.cpp.sarif,572,1788202412037933900
Intermediate/Build/Win64/x64/UnrealGame/Shipping/Constellation/QuestLogWidget.cpp.dep.json,11609,1788202413339748300
Intermediate/Build/Win64/x64/UnrealGame/Shipping/Constellation/QuestLogWidget.cpp.obj,1193955,1788202413872502000
Intermediate/Build/Win64/x64/UnrealGame/Shipping/Constellation/QuestLogWidget.cpp.obj.rsp,1412,1788202022507448400
Intermediate/Build/Win64/x64/UnrealGame/Shipping/Constellation/QuestLogWidget.cpp.sarif,572,1788202413459119100
Intermediate/Build/Win64/x64/UnrealGame/Shipping/Constellation/QuestMarkerWidget.cpp.dep.json,11894,1788202413665680500
Intermediate/Build/Win64/x64/UnrealGame/Shipping/Constellation/QuestMarkerWidget.cpp.obj,1202048,1788202414216718300
Intermediate/Build/Win64/x64/UnrealGame/Shipping/Constellation/QuestMarkerWidget.cpp.obj.rsp,1424,1788202022508445400
Intermediate/Build/Win64/x64/UnrealGame/Shipping/Constellation/QuestMarkerWidget.cpp.sarif,572,1788202413791768400
Intermediate/Build/Win64/x64/UnrealGame/Shipping/Constellation/QuestSubsystem.cpp.dep.json,4019,1788202415203350300
Intermediate/Build/Win64/x64/UnrealGame/Shipping/Constellation/QuestSubsystem.cpp.obj,990245,1788202416284075000
Intermediate/Build/Win64/x64/UnrealGame/Shipping/Constellation/QuestSubsystem.cpp.obj.rsp,1412,1788202022509442000
Intermediate/Build/Win64/x64/UnrealGame/Shipping/Constellation/QuestSubsystem.cpp.sarif,572,1788202415326985700
Intermediate/Build/Win64/x64/UnrealGame/Shipping/Constellation/QuestTargetMarker.cpp.dep.json,1524,1788202415383235900
Intermediate/Build/Win64/x64/UnrealGame/Shipping/Constellation/QuestTargetMarker.cpp.obj,480063,1788202415773518100
Intermediate/Build/Win64/x64/UnrealGame/Shipping/Constellation/QuestTargetMarker.cpp.obj.rsp,1424,1788202022540338800
Intermediate/Build/Win64/x64/UnrealGame/Shipping/Constellation/QuestTargetMarker.cpp.sarif,572,1788202415508327500
Intermediate/Build/Win64/x64/UnrealGame/Shipping/Constellation/QuestTrackerWidget.cpp.dep.json,11621,1788202417229451300
Intermediate/Build/Win64/x64/UnrealGame/Shipping/Constellation/QuestTrackerWidget.cpp.obj,1183572,1788202417739779500
Intermediate/Build/Win64/x64/UnrealGame/Shipping/Constellation/QuestTrackerWidget.cpp.obj.rsp,1428,1788202022510438700
Intermediate/Build/Win64/x64/UnrealGame/Shipping/Constellation/QuestTrackerWidget.cpp.sarif,572,1788202417346061500
Intermediate/Build/Win64/x64/UnrealGame/Shipping/Constellation/SlimeClimbComponent.cpp.dep.json,6479,1788202417542929900
Intermediate/Build/Win64/x64/UnrealGame/Shipping/Constellation/SlimeClimbComponent.cpp.obj,974815,1788202418104746500
Intermediate/Build/Win64/x64/UnrealGame/Shipping/Constellation/SlimeClimbComponent.cpp.obj.rsp,1432,1788202022518412500
Intermediate/Build/Win64/x64/UnrealGame/Shipping/Constellation/SlimeClimbComponent.cpp.sarif,572,1788202417658053400
Intermediate/Build/Win64/x64/UnrealGame/Shipping/Constellation/SteepSlopeMovementComponent.cpp.dep.json,6077,1788202418961643900
Intermediate/Build/Win64/x64/UnrealGame/Shipping/Constellation/SteepSlopeMovementComponent.cpp.obj,825289,1788202419357604000
Intermediate/Build/Win64/x64/UnrealGame/Shipping/Constellation/SteepSlopeMovementComponent.cpp.obj.rsp,1464,1788202022512432000
Intermediate/Build/Win64/x64/UnrealGame/Shipping/Constellation/SteepSlopeMovementComponent.cpp.sarif,572,1788202419073993700
Intermediate/Build/Win64/x64/UnrealGame/Shipping/Constellation/TutorialPromptWidget.cpp.dep.json,11071,1788202419553456600
Intermediate/Build/Win64/x64/UnrealGame/Shipping/Constellation/TutorialPromptWidget.cpp.obj,1073086,1788202420037338500
Intermediate/Build/Win64/x64/UnrealGame/Shipping/Constellation/TutorialPromptWidget.cpp.obj.rsp,1436,1788202022540338800
Intermediate/Build/Win64/x64/UnrealGame/Shipping/Constellation/TutorialPromptWidget.cpp.sarif,572,1788202419666080200
Intermediate/CachedAssetRegistry/CachedAssetRegistry_0.ref,58,1790770915686912000
Intermediate/CachedAssetRegistry/CachedAssetRegistry_0_1399B9DB4C44B624E4A8DBBF06B3616C.bin,144337201,1790770915684315700
Intermediate/PipInstall/extra_urls.txt,0,1790770947963821700
Intermediate/PipInstall/merged_requirements.in,0,1790770947962821700
Intermediate/PipInstall/pyreqs_plugins.list,0,1790770947930821900
Intermediate/PipInstall/Lib/site-packages/plugin_site_package.pth,0,1790770947962821700
Intermediate/ProjectFiles/Constellation.vcxproj,219392,1785467062629871500
Intermediate/ProjectFiles/Constellation.vcxproj.filters,3525,1785467062629871500
Intermediate/ProjectFiles/Constellation.vcxproj.user,3432,1785467062630871200
Intermediate/ProjectFiles/FileHashCache.bin,219942,1785467062723870900
Intermediate/ProjectFiles/UE5.vcxproj,31391652,1785467061857348600
Intermediate/ProjectFiles/UE5.vcxproj.filters,28132599,1785467061892348800
Intermediate/ProjectFiles/UE5.vcxproj.user,143,1785467061893349300
Intermediate/ProjectFiles/UECommon.props,2524,1785467061227348700
Intermediate/ReimportCache/3688439234.bin,262,1788786007459607800
Intermediate/ShaderAutogen/PCD3D_SM5/AutogenShaderHeaders.ush,18555,1785467293398364900
Intermediate/ShaderAutogen/PCD3D_SM6/AutogenShaderHeaders.ush,18654,1785467277575980300
Intermediate/Staging/Constellation.exe,171520,1789320639050827600
Intermediate/Staging/Win64/Constellation.upluginmanifest,229819,1789320645794709100
