id,name,method,notes
01,기둥 하부,Blender,지면 피벗·공통 접합 폭
02,기둥 중간,Blender,반복 길이와 파손 변형 분리
03,기둥 상부·주두,Blender,보와 접합
04,측면 아치 벽,Blender,실제 통과 개구부
05,직선 벽·받침벽,Blender,창 아래와 측벽 공용
06,후면 하부 창틀,Blender,중앙 격자와 양끝 분리
07,후면 상부 아치 창틀,Blender,반복 가능 폭 통일
08,창살·멀리언,Blender,별도 반복 부재
09,층간 띠·수평 보,Blender,후면과 측면 연결
10,지붕 트러스·서까래,Blender,원화에 보이는 골조 우선
11,파손 보·벽 끝단,Blender,01~10 접합 규격 유지
12,후면 작은 아치 개구부,Blender,관목 뒤에 일부 노출
13,바닥·낮은 단차,Blender,연속 이동 충돌
14,벤치,Blender,폭180cm 실측 기준
15,석재 잔해 묶음,Blender,파손 모듈에서 파생
16,풀·작은 식물 묶음,Foliage,젖은 바닥 가장자리
17,중간 관목 묶음,Foliage,후면의 녹색 덩어리
18,덩굴·늘어진 잎,Foliage,기둥과 상부 창대
19,창밖 수목,Foliage,실내와 거리 분리
20,비둘기,Blender skeletal,리깅·비행 루프·활공·전환 필수
21,얕은 물·젖은 바닥,Unreal material,독립 효과·3D 생성 대상 아님
22,박리·이끼·균열,Unreal material,머티리얼 마스크와 데칼
23,햇빛·공기 원근,Unreal lighting,우측 상부 역광
24,부유 입자,Unreal effect,명암 승인 후 추가
25,측면 금속 난간,Blender,추가 제안·왼쪽 아치 아래 가로 난간
26,파손 지붕 잔존 패널,Blender,추가 제안·상부 차광 실루엣은 추정
